index_name,Year,Date,State,Rating,Injuries,Death,Start_Lat,Start_Lon,End_Lat,End_Lon,Width
0,2022,2022-03-30,LA,0,0,0,32.3733,-91.7256,32.3934,-91.7065,25
1,2022,2022-03-30,LA,1,0,0,32.1463,-91.6868,32.2071,-91.5956,350
2,2022,2022-03-30,MS,0,0,0,32.186,-88.8433,32.208,-88.8179,125
3,2022,2022-03-30,MS,1,0,0,32.931,-89.512,32.9881,-89.4407,700
4,2022,2022-03-30,MS,0,0,0,32.341,-90.117,32.3517,-90.062,100
5,2022,2022-03-30,MS,0,0,0,31.201,-89.349,31.2249,-89.3238,25
6,2022,2022-03-30,MS,1,0,0,32.465,-90.6,32.5034,-90.5401,100
7,2022,2022-03-22,MS,0,0,0,32.66,-90.245,32.6597,-90.243,25
8,2022,2022-03-22,MS,1,0,0,33.0779,-89.7654,33.1131,-89.7256,200
9,2022,2022-03-22,MS,0,0,0,32.1109,-89.4196,32.1181,-89.3951,100
10,2022,2022-07-23,OH,1,0,0,40.0421,-84.23,40.0282,-84.2012,200
11,2022,2022-03-21,TX,1,3,0,33.5182,-97.8369,33.5815,-97.7953,440
12,2022,2022-03-22,MS,1,0,0,32.79,-89.97,32.83,-89.87,200
13,2022,2022-03-22,MS,0,0,0,33.4021,-89.933,33.4781,-89.8715,400
14,2022,2022-03-22,MS,1,0,0,33.0475,-88.5701,33.1836,-88.4523,450
15,2022,2022-03-22,MS,3,0,0,32.6016,-88.8976,32.7082,-88.8025,800
16,2022,2022-03-22,MS,0,0,0,32.4093,-88.5061,32.4237,-88.4876,25
17,2022,2022-05-09,FL,0,0,0,25.0534,-80.4794,25.0534,-80.4794,15
18,2022,2022-03-30,MS,1,0,0,33.332,-90.17,33.377,-90.0865,500
19,2022,2022-03-30,LA,1,0,0,32.4718,-91.8204,32.5367,-91.7201,1000
20,2022,2022-03-30,MS,1,0,0,32.3844,-88.4942,32.4112,-88.4358,250
21,2022,2022-03-30,MS,1,0,0,32.2821,-90.2274,32.2947,-90.1793,350
22,2022,2022-03-30,MS,1,0,0,33.351,-89.8066,33.4109,-89.7287,250
23,2022,2022-03-30,MS,1,0,0,31.2645,-89.4659,31.2777,-89.4387,425
24,2022,2022-03-30,MS,2,0,0,30.9197,-89.2525,30.98,-89.14,500
25,2022,2022-03-30,MS,1,0,0,32.225,-88.705,32.269,-88.675,50
26,2022,2022-04-12,MN,1,0,0,43.651,-92.4214,43.6835,-92.4117,180
27,2022,2022-04-12,MN,0,0,0,43.8998,-91.9822,43.9286,-91.9335,70
28,2022,2022-04-12,MN,0,0,0,43.9088,-91.897,43.9348,-91.8976,20
29,2022,2022-03-05,WI,1,0,0,42.871,-89.1947,42.9175,-89.0951,50
30,2022,2022-11-04,OK,4,6,0,33.8055,-94.9175,34.1263,-94.5078,1056
31,2022,2022-05-30,MN,1,0,0,46.3614,-94.8706,46.3684,-94.8657,50
32,2022,2022-06-11,KS,1,0,0,39.8611,-96.5953,39.8511,-96.5987,30
33,2022,2022-06-07,KS,1,0,0,39.7999,-96.713,39.779,-96.668,75
34,2022,2022-06-11,KS,1,0,0,40.0011,-96.67,39.97,-96.66,150
35,2022,2022-06-11,KS,1,0,0,39.7259,-96.64,39.704,-96.6551,100
36,2022,2022-06-14,NE,1,0,0,40.96,-96.3,40.96,-96.26,150
37,2022,2022-03-30,LA,1,0,0,32.487,-91.028,32.513,-91.005,100
38,2022,2022-03-30,MS,1,0,0,32.7443,-90.403,32.8973,-90.1819,700
39,2022,2022-03-30,MS,1,0,0,32.1673,-90.3886,32.2028,-90.2868,350
40,2022,2022-05-31,OK,U,0,0,34.7719,-99.8204,34.7719,-99.8204,20
41,2022,2022-06-06,NE,U,0,0,41.85,-98.1,41.85,-98.1,20
42,2022,2022-05-31,OK,0,0,0,34.6766,-99.9267,34.6766,-99.9267,20
43,2022,2022-05-31,OK,1,0,0,34.531,-99.11,34.518,-99.103,200
44,2022,2022-05-02,OK,0,0,0,34.917,-98.199,34.912,-98.194,240
45,2022,2022-05-02,OK,1,0,0,36.001,-96.968,36.013,-96.852,500
46,2022,2022-05-02,OK,1,0,0,35.2,-96.762,35.212,-96.654,700
47,2022,2022-05-02,OK,U,0,0,36.364,-97.087,36.371,-97.063,150
48,2022,2022-10-12,GA,0,0,0,31.9825,-82.8483,31.9854,-82.8428,100
49,2022,2022-10-29,FL,0,0,0,30.393,-86.5927,30.3943,-86.5926,20
50,2022,2022-10-25,LA,2,0,0,30.652,-92.8043,30.6557,-92.7982,170
51,2022,2022-10-24,TX,1,0,0,30.797,-97.6742,30.7883,-97.61,150
52,2022,2022-10-13,TX,U,0,0,27.59,-97.47,27.5916,-97.4675,20
53,2022,2022-10-12,WI,0,0,0,43.1017,-88.3812,43.1011,-88.3691,50
54,2022,2022-10-12,WI,0,0,0,43.0062,-88.0434,42.991,-87.9863,40
55,2022,2022-10-12,WI,0,0,0,42.5956,-88.377,42.5741,-88.3391,40
56,2022,2022-10-12,WI,0,0,0,42.6596,-88.2872,42.6358,-88.216,25
57,2022,2022-10-12,WI,0,0,0,43.1746,-88.8006,43.1719,-88.7919,25
58,2022,2022-10-12,WI,0,0,0,43.0757,-88.8178,43.074,-88.8093,25
59,2022,2022-10-12,WI,0,0,0,42.9654,-88.5854,42.96,-88.5717,25
60,2022,2022-04-12,LA,1,1,0,32.5619,-91.9872,32.5985,-91.9812,300
61,2022,2022-10-25,FL,0,0,0,30.7768,-85.7261,30.7776,-85.7072,70
62,2022,2022-01-16,FL,1,0,0,29.7986,-84.6027,29.8282,-84.5745,50
63,2022,2022-01-16,FL,1,0,0,26.8299,-82.2635,26.8412,-82.2542,50
64,2022,2022-01-01,TN,1,0,0,34.9969,-87.1023,35.0459,-86.9145,150
65,2022,2022-01-16,FL,2,0,0,26.4817,-81.986,26.5616,-81.9159,125
66,2022,2022-01-16,FL,1,0,0,26.9185,-82.2206,26.9262,-82.2187,50
67,2022,2022-01-16,FL,0,0,0,26.62,-82.0,26.625,-81.995,50
68,2022,2022-01-01,KY,2,0,0,36.85,-87.4601,36.8457,-87.48,125
69,2022,2022-01-09,AL,0,0,0,31.894,-86.085,31.897,-86.08,100
70,2022,2022-10-29,AL,1,0,0,30.537,-88.2623,30.6075,-88.2537,250
71,2022,2022-10-29,AL,1,0,0,30.3638,-87.7665,30.3703,-87.773,40
72,2022,2022-10-29,AL,1,0,0,30.2785,-87.7249,30.3144,-87.7262,110
73,2022,2022-10-29,AL,0,0,0,30.4426,-87.9109,30.4429,-87.9109,20
74,2022,2022-10-29,AL,0,0,0,30.3159,-87.7587,30.3232,-87.7585,20
75,2022,2022-10-29,AL,0,0,0,30.6028,-87.894,30.6108,-87.8901,20
76,2022,2022-10-29,AL,0,0,0,30.7087,-88.1346,30.739,-88.1271,10
77,2022,2022-10-29,AL,0,0,0,30.613,-88.0551,30.6488,-88.0721,110
78,2022,2022-10-29,AL,1,0,0,30.6688,-87.8956,30.6723,-87.8944,20
79,2022,2022-10-29,AL,0,0,0,30.516,-88.1968,30.5427,-88.1978,20
80,2022,2022-10-29,AL,0,0,0,30.713,-88.1879,30.7483,-88.1846,180
81,2022,2022-01-01,KY,0,0,0,36.6975,-87.0981,36.7108,-87.0585,50
82,2022,2022-05-04,OK,2,0,0,35.186,-96.736,35.316,-96.6,1760
83,2022,2022-01-09,AL,0,0,0,31.5063,-86.9244,31.5085,-86.8861,25
84,2022,2022-01-09,AL,0,0,0,31.5312,-86.7063,31.5342,-86.6897,25
85,2022,2022-10-08,CA,0,0,0,33.7,-117.213,33.7024,-117.1861,50
86,2022,2022-06-11,KS,U,0,0,39.0981,-96.4743,39.0981,-96.4743,10
87,2022,2022-06-11,KS,2,0,0,39.1971,-96.5765,39.1947,-96.5714,50
88,2022,2022-04-12,LA,1,0,0,32.6792,-93.8091,32.698,-93.785,125
89,2022,2022-01-01,AL,0,1,0,34.9468,-86.5983,34.978,-86.4343,30
90,2022,2022-06-11,KS,1,0,0,39.44,-96.558,39.278,-96.579,50
91,2022,2022-05-30,MN,2,0,0,45.7591,-95.3759,45.9723,-95.1928,800
92,2022,2022-04-13,LA,2,0,0,32.0117,-92.4006,32.048,-92.312,250
93,2022,2022-04-13,LA,2,0,0,32.048,-92.312,32.1195,-92.107,625
94,2022,2022-05-31,OK,0,0,0,34.7527,-100.0,34.75,-99.993,100
95,2022,2022-10-29,MS,1,0,0,30.5976,-88.6424,30.6116,-88.6535,150
96,2022,2022-10-29,MS,1,0,0,30.617,-88.4942,30.6323,-88.4962,50
97,2022,2022-10-29,MS,U,0,0,30.6877,-88.5766,30.7287,-88.577,25
98,2022,2022-05-04,TX,U,0,0,33.943,-99.707,33.937,-99.691,50
99,2022,2022-10-29,MS,1,0,0,30.4074,-88.5116,30.4467,-88.5223,250
100,2022,2022-10-24,OK,0,0,0,35.144,-96.933,35.144,-96.933,10
101,2022,2022-05-04,TX,U,0,0,33.8355,-100.0159,33.844,-100.006,100
102,2022,2022-04-12,LA,1,0,0,32.442,-93.68,32.515,-93.5419,400
103,2022,2022-04-12,LA,1,0,0,32.2493,-93.2595,32.3229,-93.0837,525
104,2022,2022-04-12,LA,0,0,0,32.8992,-93.8991,32.9131,-93.8858,50
105,2022,2022-10-24,OK,0,0,0,35.391,-97.841,35.399,-97.791,50
106,2022,2022-02-17,AL,0,0,0,33.595,-87.541,33.605,-87.525,290
107,2022,2022-02-17,AL,1,0,0,33.4284,-86.6744,33.468,-86.618,400
108,2022,2022-02-17,AL,1,0,0,33.468,-86.618,33.549,-86.517,400
109,2022,2022-02-03,AL,2,0,0,32.3565,-88.3857,32.5009,-88.1832,900
110,2022,2022-02-03,AL,0,0,0,32.6331,-87.9639,32.71,-87.828,800
111,2022,2022-02-03,AL,2,8,1,32.71,-87.828,32.8585,-87.6089,1700
112,2022,2022-02-03,AL,2,0,0,32.9317,-87.4539,32.97,-87.421,725
113,2022,2022-02-03,AL,2,0,0,32.97,-87.421,33.004,-87.408,725
114,2022,2022-02-17,AL,1,0,0,33.645,-87.0,33.686,-86.937,1100
115,2022,2022-02-03,AL,0,0,0,33.004,-87.408,33.0309,-87.405,120
116,2022,2022-02-03,AL,0,0,0,32.6449,-86.3553,32.6659,-86.3292,100
117,2022,2022-02-17,AL,0,0,0,33.549,-86.517,33.551,-86.512,65
118,2022,2022-02-17,AL,1,0,0,33.605,-87.525,33.628,-87.498,475
119,2022,2022-02-22,KY,0,0,0,36.5285,-89.0568,36.5384,-89.055,100
120,2022,2022-02-03,AL,0,0,0,32.6722,-85.9251,32.6743,-85.9228,100
121,2022,2022-01-01,AL,0,0,0,34.5768,-86.7893,34.5901,-86.7325,150
122,2022,2022-05-12,MN,1,0,0,46.3581,-95.0453,46.3688,-95.0426,100
123,2022,2022-05-12,MN,1,0,0,45.0059,-96.1859,45.0177,-96.1788,50
124,2022,2022-05-12,MN,1,0,0,45.1481,-96.1252,45.163,-96.1183,50
125,2022,2022-05-12,MN,0,0,0,45.3534,-95.2893,45.3812,-95.2756,50
126,2022,2022-01-01,AL,1,0,0,34.9631,-87.1858,34.9968,-87.0996,150
127,2022,2022-04-23,MN,0,0,0,47.68,-96.47,47.6839,-96.4685,50
128,2022,2022-01-01,KY,1,0,0,37.574,-85.234,37.576,-85.23,50
129,2022,2022-01-08,TX,0,0,0,29.9387,-95.339,29.9453,-95.3282,30
130,2022,2022-01-08,TX,0,0,0,30.0425,-94.9065,30.0425,-94.9065,20
131,2022,2022-01-01,KY,1,0,0,37.797,-84.207,37.806,-84.177,125
132,2022,2022-01-01,AL,0,0,0,34.7161,-87.6413,34.7246,-87.6063,60
133,2022,2022-01-01,AL,0,0,0,34.5748,-86.7943,34.5768,-86.7893,150
134,2022,2022-01-09,LA,2,6,0,31.4132,-93.3238,31.4535,-93.2862,900
135,2022,2022-01-08,TX,0,0,0,30.3912,-95.6873,30.398,-95.6874,200
136,2022,2022-01-08,TX,0,0,0,29.7911,-95.5288,29.813,-95.5262,40
137,2022,2022-01-01,KY,1,0,0,37.043,-85.991,37.102,-85.814,150
138,2022,2022-01-01,KY,0,0,0,36.7108,-87.0585,36.74,-87.01,100
139,2022,2022-01-01,KY,1,0,0,37.373,-85.385,37.409,-85.278,350
140,2022,2022-05-12,MN,1,0,0,46.1046,-94.9627,46.1467,-94.9309,100
141,2022,2022-05-12,MN,0,0,0,46.1159,-94.6098,46.1448,-94.5667,50
142,2022,2022-05-12,MN,1,0,0,46.1664,-94.5196,46.2153,-94.4941,100
143,2022,2022-01-01,KY,0,0,0,36.943,-86.445,36.944,-86.438,75
144,2022,2022-01-01,KY,1,0,0,37.827,-84.101,37.835,-84.084,140
145,2022,2022-01-09,LA,1,0,0,31.3286,-93.4226,31.3309,-93.4195,100
146,2022,2022-01-01,KY,0,0,0,37.377,-85.986,37.381,-85.982,50
147,2022,2022-01-01,KY,1,0,0,37.373,-85.385,37.409,-85.278,100
148,2022,2022-01-09,TX,1,0,0,29.97,-95.27,29.9985,-95.2542,40
149,2022,2022-01-09,TX,1,0,0,30.0249,-95.2359,30.0548,-95.2231,75
150,2022,2022-02-22,AR,0,0,0,35.7138,-90.7422,35.7285,-90.6956,50
151,2022,2022-02-22,AL,0,0,0,34.9021,-86.597,34.9043,-86.5419,110
152,2022,2022-01-02,FL,0,0,0,30.7388,-86.1598,30.7404,-86.1587,85
153,2022,2022-01-16,FL,0,1,0,26.02,-81.767,26.16,-81.59,75
154,2022,2022-01-16,FL,0,0,0,25.86,-81.41,25.91,-81.34,75
155,2022,2022-05-23,SC,0,0,0,34.572,-80.983,34.578,-80.98,25
156,2022,2022-05-25,WI,0,0,0,42.5392,-89.1377,42.583,-89.1041,50
157,2022,2022-05-23,SC,1,0,0,35.072,-81.945,35.12,-81.873,200
158,2022,2022-05-23,NC,1,0,0,35.246,-80.714,35.289,-80.674,100
159,2022,2022-05-23,NC,1,0,0,35.289,-80.674,35.346,-80.593,100
160,2022,2022-05-02,KS,0,0,0,37.2036,-99.544,37.2024,-99.5133,35
161,2022,2022-05-06,AL,1,0,0,30.6735,-88.056,30.6771,-88.0535,25
162,2022,2022-05-06,AL,1,0,0,30.6044,-87.8758,30.6074,-87.8736,25
163,2022,2022-05-15,IL,U,0,0,38.64,-89.012,38.64,-89.01,30
164,2022,2022-05-02,KS,0,0,0,37.1024,-99.3483,37.1028,-99.3389,25
165,2022,2022-05-24,TX,2,0,0,31.888,-101.688,31.788,-101.539,200
166,2022,2022-03-21,TX,0,0,0,33.1329,-97.6229,33.198,-97.5511,150
167,2022,2022-05-11,MN,0,0,0,44.6748,-93.8888,44.7044,-93.856,50
168,2022,2022-05-16,NC,1,0,0,35.17,-77.18,35.17,-77.18,80
169,2022,2022-05-26,NC,0,0,0,35.308,-81.645,35.311,-81.643,25
170,2022,2022-05-11,MN,0,0,0,44.2215,-94.4585,44.243,-94.4509,50
171,2022,2022-05-11,MN,0,0,0,44.6386,-93.9182,44.6748,-93.8888,50
172,2022,2022-05-20,NJ,0,0,0,40.415,-74.211,40.419,-74.196,225
173,2022,2022-05-26,NC,0,0,0,35.377,-81.636,35.377,-81.636,25
174,2022,2022-05-26,NC,2,1,0,35.951,-80.946,36.025,-80.891,150
175,2022,2022-05-19,MO,1,0,0,38.378,-91.224,38.395,-91.233,100
176,2022,2022-05-27,MD,0,0,0,39.1589,-77.0719,39.1615,-77.0698,125
177,2022,2022-05-31,KS,U,0,0,37.17,-96.82,37.1702,-96.8197,20
178,2022,2022-05-06,NC,1,0,0,36.0871,-79.2441,36.1248,-79.2009,400
179,2022,2022-05-19,MO,0,0,0,38.505,-90.5753,38.507,-90.575,20
180,2022,2022-05-05,AR,2,0,0,34.36,-91.53,34.3624,-91.5081,300
181,2022,2022-05-15,FL,0,0,0,30.46,-81.65,30.46,-81.65,1
182,2022,2022-05-27,MD,0,0,0,38.5124,-76.7344,38.5203,-76.7121,100
183,2022,2022-05-11,MN,0,0,0,45.1844,-93.272,45.2193,-93.2299,50
184,2022,2022-03-06,AR,0,0,0,35.7242,-90.9893,35.7534,-90.9641,50
185,2022,2022-03-30,MS,1,0,0,32.3415,-88.5384,32.4254,-88.4766,200
186,2022,2022-05-06,SC,1,0,0,34.939,-82.738,34.944,-82.731,150
187,2022,2022-05-09,MN,0,0,0,44.6497,-92.8613,44.7018,-92.7711,25
188,2022,2022-05-06,NC,1,0,0,35.452,-83.447,35.457,-83.442,50
189,2022,2022-03-05,IL,1,0,0,41.6757,-90.0558,41.6984,-89.985,50
190,2022,2022-04-12,IA,1,0,0,41.5351,-95.8569,41.6343,-95.7299,140
191,2022,2022-04-13,KY,0,0,0,37.0107,-87.5425,37.0115,-87.5401,30
192,2022,2022-04-05,AL,0,0,0,31.1932,-85.3078,31.1929,-85.3067,25
193,2022,2022-04-12,IA,0,0,0,41.71,-95.69,41.73,-95.65,200
194,2022,2022-03-22,AL,0,0,0,33.196,-87.021,33.2109,-87.004,100
195,2022,2022-03-30,MS,1,0,0,30.5204,-88.8202,30.5461,-88.7903,100
196,2022,2022-04-05,MS,2,0,0,31.6636,-88.8118,31.6732,-88.7784,250
197,2022,2022-04-05,MS,1,0,0,31.6704,-88.7751,31.6709,-88.7323,100
198,2022,2022-04-29,KS,0,0,0,38.75,-97.19,38.76,-97.17,50
199,2022,2022-04-29,KS,1,0,0,38.68,-97.05,38.71,-96.93,50
200,2022,2022-04-13,KY,0,0,0,36.6,-88.87,36.599,-88.822,50
201,2022,2022-04-13,KY,1,0,0,36.77,-88.64,36.792,-88.592,100
202,2022,2022-04-13,KY,0,0,0,36.91,-88.31,36.92,-88.3,25
203,2022,2022-04-05,AL,0,0,0,31.1445,-85.5518,31.1419,-85.4855,200
204,2022,2022-04-05,AL,0,0,0,31.1419,-85.4855,31.1316,-85.4376,200
205,2022,2022-04-29,NE,1,0,0,40.53,-96.39,40.55,-96.39,100
206,2022,2022-04-23,OK,U,0,0,35.332,-97.748,35.332,-97.748,50
207,2022,2022-03-22,AL,0,0,0,32.98,-87.63,33.0045,-87.5943,430
208,2022,2022-03-30,AL,1,0,0,32.5479,-88.2675,32.6004,-88.1957,600
209,2022,2022-04-05,SC,2,0,0,33.799,-81.472,33.8328,-81.4072,100
210,2022,2022-04-05,SC,2,0,0,33.6907,-80.2292,33.7196,-80.1961,140
211,2022,2022-04-04,FL,0,0,0,27.55,-81.6998,27.55,-81.6957,25
212,2022,2022-04-13,KY,1,0,0,36.88,-88.06,36.9,-88.035,150
213,2022,2022-04-13,KY,1,0,0,36.9,-88.035,36.93,-88.0,150
214,2022,2022-04-13,KY,0,0,0,36.91,-88.29,36.92,-88.29,25
215,2022,2022-06-12,MN,1,0,0,48.4021,-96.2736,48.4138,-96.2184,300
216,2022,2022-03-22,AL,0,0,0,33.0045,-87.5943,33.01,-87.59,105
217,2022,2022-03-22,AL,0,0,0,33.1858,-87.0408,33.196,-87.021,100
218,2022,2022-04-05,SC,1,0,0,33.0736,-81.0799,33.1125,-81.0357,250
219,2022,2022-04-26,VA,1,0,0,38.0733,-78.9435,38.0735,-78.9076,75
220,2022,2022-04-13,KY,0,0,0,37.13,-87.57,37.14,-87.56,25
221,2022,2022-06-20,MN,1,0,0,47.22,-96.2,47.2692,-96.1256,150
222,2022,2022-03-30,MS,0,0,0,30.6894,-88.4184,30.7013,-88.4109,50
223,2022,2022-04-05,SC,0,0,0,33.1807,-80.9262,33.1924,-80.8881,200
224,2022,2022-04-05,SC,0,0,0,33.2472,-80.7916,33.2577,-80.78,50
225,2022,2022-04-05,SC,0,0,0,33.334,-80.6961,33.3417,-80.6868,200
226,2022,2022-04-26,VA,1,0,0,38.0796,-79.0172,38.0733,-78.9435,75
227,2022,2022-04-29,FL,0,0,0,26.5285,-81.894,26.5295,-81.8929,25
228,2022,2022-04-30,MO,0,0,0,37.7626,-89.9291,37.764,-89.9284,50
229,2022,2022-04-11,AR,1,0,0,34.94,-92.229,34.932,-92.215,100
230,2022,2022-03-22,LA,1,0,0,30.2617,-89.957,30.4782,-89.8802,100
231,2022,2022-04-29,NE,1,0,0,40.6072,-96.3882,40.6079,-96.3881,100
232,2022,2022-04-29,KS,0,0,0,38.62,-97.23,38.61,-97.17,50
233,2022,2022-04-29,KS,1,0,0,38.71,-96.93,38.76,-96.66,50
234,2022,2022-12-15,FL,1,2,0,27.7744,-82.7345,27.782,-82.705,100
235,2022,2022-04-05,MS,1,0,0,31.6856,-88.531,31.6863,-88.5261,50
236,2022,2022-03-22,LA,0,0,0,29.914,-90.0257,29.9473,-90.0063,100
237,2022,2022-04-29,KS,0,0,0,39.19,-96.38,39.187,-96.325,30
238,2022,2022-04-29,KS,1,0,0,39.187,-96.325,39.193,-96.289,30
239,2022,2022-04-29,KS,1,0,0,39.193,-96.289,39.22,-96.18,100
240,2022,2022-04-29,KS,1,0,0,39.32,-95.88,39.33,-95.82,40
241,2022,2022-04-11,AR,1,0,0,35.36,-93.51,35.395,-93.468,100
242,2022,2022-04-05,SC,1,0,0,33.8261,-81.0973,33.844,-81.038,40
243,2022,2022-04-05,SC,1,0,0,33.844,-81.038,33.8518,-81.0003,40
244,2022,2022-06-20,MN,0,0,0,46.86,-96.5,46.8618,-96.4971,100
245,2022,2022-06-20,MN,1,0,0,47.4758,-95.1275,47.5276,-95.1125,150
246,2022,2022-04-17,MS,2,0,0,31.1805,-88.9366,31.1716,-88.9112,275
247,2022,2022-04-05,SC,2,1,0,33.791,-81.4923,33.799,-81.472,100
248,2022,2022-04-11,AR,1,0,0,34.9551,-92.3488,34.939,-92.229,100
249,2022,2022-04-05,AL,1,0,0,32.4656,-85.8051,32.5099,-85.7551,250
250,2022,2022-04-05,AL,0,0,0,31.9833,-86.0358,31.991,-85.996,550
251,2022,2022-03-30,LA,1,0,0,30.7557,-90.5106,30.8178,-90.4378,150
252,2022,2022-03-05,IA,1,0,0,42.1106,-92.1864,42.2184,-91.9553,400
253,2022,2022-03-05,IA,1,0,0,41.5355,-90.7032,41.5695,-90.6385,300
254,2022,2022-03-22,AL,0,0,0,32.6906,-87.9379,32.696,-87.9242,150
255,2022,2022-03-22,AL,0,0,0,32.7238,-87.9136,32.7478,-87.867,250
256,2022,2022-04-11,AR,1,0,0,35.28,-94.038,35.296,-94.001,200
257,2022,2022-04-11,OK,U,0,0,34.816,-95.011,34.817,-94.998,100
258,2022,2022-04-12,LA,1,0,0,32.698,-93.785,32.7183,-93.7515,200
259,2022,2022-04-05,GA,1,0,0,31.2568,-84.9327,31.2565,-84.8119,50
260,2022,2022-04-05,GA,1,0,0,31.296,-84.9101,31.3188,-84.8308,50
261,2022,2022-04-05,GA,0,0,0,31.38,-84.33,31.3845,-84.3206,25
262,2022,2022-04-24,IL,1,0,0,39.6236,-89.2993,39.6283,-89.2837,50
263,2022,2022-04-05,AL,0,0,0,31.991,-85.996,32.0056,-85.9095,550
264,2022,2022-04-05,AL,0,0,0,32.8765,-85.53,32.8803,-85.524,200
265,2022,2022-04-05,AL,1,0,0,31.896,-86.1267,31.967,-86.07,1100
266,2022,2022-04-06,GA,1,0,0,31.8932,-84.0132,31.9123,-83.9675,100
267,2022,2022-04-06,GA,U,0,0,31.3122,-83.797,31.3312,-83.6781,25
268,2022,2022-04-06,GA,U,0,0,31.3312,-83.6781,31.3419,-83.6537,25
269,2022,2022-03-22,AL,0,0,0,33.5094,-87.3777,33.5221,-87.371,175
270,2022,2022-04-07,FL,1,0,0,30.7515,-81.9637,30.764,-81.9114,30
271,2022,2022-04-06,GA,1,0,0,30.8135,-83.9951,30.8179,-83.9677,200
272,2022,2022-04-07,GA,1,0,0,31.7962,-83.4726,31.7967,-83.4684,75
273,2022,2022-04-05,AL,1,0,0,32.0402,-85.8342,32.0445,-85.8079,600
274,2022,2022-04-05,AL,2,0,0,31.967,-86.07,32.0474,-86.0047,1100
275,2022,2022-04-05,AL,0,0,0,32.6498,-85.8352,32.6678,-85.8144,110
276,2022,2022-04-06,GA,U,0,0,31.3419,-83.6537,31.34,-83.6219,25
277,2022,2022-04-05,AL,1,0,0,31.1497,-85.5123,31.1472,-85.511,50
278,2022,2022-03-22,LA,0,0,0,29.9871,-89.9841,30.0292,-89.9604,100
279,2022,2022-04-30,IL,U,0,0,40.5399,-88.6605,40.544,-88.6583,30
280,2022,2022-04-30,AR,0,0,0,34.4541,-92.5564,34.4523,-92.5508,50
281,2022,2022-04-30,AR,0,0,0,34.9509,-91.5458,34.9488,-91.5414,100
282,2022,2022-04-05,GA,1,0,0,31.3206,-84.1347,31.2987,-83.9999,50
283,2022,2022-04-06,GA,0,0,0,30.6943,-83.5056,30.7045,-83.4524,200
284,2022,2022-04-06,GA,0,0,0,30.7045,-83.4524,30.7613,-83.3374,200
285,2022,2022-04-25,OH,0,0,0,41.3081,-81.9736,41.3089,-81.9725,75
286,2022,2022-04-05,AL,1,0,0,31.9176,-85.1598,31.9275,-85.1364,200
287,2022,2022-04-25,NY,0,0,0,42.8975,-78.2628,42.8991,-78.2485,75
288,2022,2022-04-12,AR,0,0,0,33.7813,-93.3883,33.7827,-93.3849,50
289,2022,2022-03-09,AL,1,0,0,31.844,-85.4744,31.9059,-85.337,280
290,2022,2022-04-05,SC,0,0,0,33.9006,-79.2954,33.9472,-79.2337,40
291,2022,2022-04-06,GA,1,0,0,30.8722,-83.7478,30.8822,-83.7396,300
292,2022,2022-04-06,GA,1,0,0,30.8822,-83.7396,30.9288,-83.6334,300
293,2022,2022-04-05,SC,3,0,0,33.1154,-81.1889,33.2718,-80.9022,500
294,2022,2022-04-12,LA,0,0,0,32.4197,-93.7138,32.442,-93.68,250
295,2022,2022-04-12,NE,U,0,0,40.8,-97.24,40.8,-97.24,10
296,2022,2022-04-13,IN,0,0,0,39.2185,-85.4947,39.2199,-85.4939,25
297,2022,2022-04-05,SC,1,0,0,33.2718,-80.9022,33.3642,-80.7123,350
298,2022,2022-03-30,LA,0,0,0,30.3204,-90.0182,30.34,-90.0,50
299,2022,2022-03-30,AL,1,0,0,33.2126,-87.9089,33.275,-87.838,450
300,2022,2022-04-05,AL,0,0,0,31.394,-85.4025,31.3817,-85.3577,50
301,2022,2022-04-13,AL,1,0,0,32.8184,-87.902,32.843,-87.833,400
302,2022,2022-04-13,AL,0,0,0,32.951,-87.444,32.9597,-87.4398,50
303,2022,2022-03-30,AL,0,0,0,33.275,-87.838,33.3938,-87.7207,450
304,2022,2022-04-12,NE,1,0,0,40.6818,-96.2706,40.6825,-96.2692,40
305,2022,2022-04-29,NE,1,0,0,41.46,-97.11,41.48,-97.05,20
306,2022,2022-04-23,ND,U,0,0,46.61,-98.47,46.6148,-98.4723,25
307,2022,2022-04-05,AL,2,0,0,32.5183,-86.2036,32.5399,-86.1344,900
308,2022,2022-04-05,AL,0,0,0,32.5728,-86.0225,32.6103,-85.9444,300
309,2022,2022-04-13,AL,1,0,0,32.843,-87.833,32.9356,-87.6329,400
310,2022,2022-04-13,AL,0,0,0,33.5018,-87.566,33.523,-87.479,300
311,2022,2022-05-12,MN,0,0,0,45.6663,-95.5279,45.6938,-95.5218,25
312,2022,2022-05-12,MN,0,0,0,45.7447,-94.9528,45.7637,-94.947,25
313,2022,2022-04-22,KS,U,0,0,39.0736,-101.1165,39.1328,-101.0752,100
314,2022,2022-04-13,AR,1,0,0,35.8938,-90.5171,35.9293,-90.432,200
315,2022,2022-05-27,VA,1,0,0,37.9636,-77.9989,37.9733,-77.9531,450
316,2022,2022-05-21,LA,1,0,0,32.9084,-93.931,32.9179,-93.907,200
317,2022,2022-03-21,TX,2,11,1,33.8407,-96.8192,33.8695,-96.7966,150
318,2022,2022-03-21,TX,0,0,0,32.8473,-97.0919,32.853,-97.0843,100
319,2022,2022-05-30,MN,1,0,0,45.2212,-95.8281,45.4123,-95.7808,350
320,2022,2022-05-12,MN,0,0,0,45.843,-96.2661,45.9063,-96.2542,20
321,2022,2022-04-12,IA,1,0,0,43.2796,-93.0667,43.2891,-93.0469,70
322,2022,2022-04-22,KS,U,0,0,39.1328,-101.0759,39.2043,-101.0286,100
323,2022,2022-04-06,FL,0,0,0,26.8307,-80.1042,26.823,-80.1067,100
324,2022,2022-03-30,AL,0,0,0,32.2915,-87.3469,32.317,-87.3108,175
325,2022,2022-03-30,AL,1,0,0,32.4512,-87.6053,32.4611,-87.5925,180
326,2022,2022-05-21,AR,0,0,0,35.91,-93.38,35.9247,-93.3758,100
327,2022,2022-05-05,TX,2,1,0,32.1763,-94.7395,32.2396,-94.6142,1000
328,2022,2022-05-27,VA,0,0,0,37.8095,-77.796,37.824,-77.76,50
329,2022,2022-05-24,TX,1,0,0,33.6786,-95.2362,33.769,-95.1662,100
330,2022,2022-05-16,NH,1,0,0,43.3086,-72.3878,43.3659,-72.3362,330
331,2022,2022-04-13,KY,0,0,0,38.087,-85.333,38.087,-85.333,60
332,2022,2022-04-13,KY,1,0,0,38.165,-85.126,38.182,-85.065,125
333,2022,2022-05-31,IL,1,0,0,40.3714,-90.6477,40.3788,-90.619,60
334,2022,2022-04-13,MO,0,0,0,35.9973,-90.1807,36.0382,-90.1139,100
335,2022,2022-05-30,MN,1,0,0,45.4123,-95.7808,45.4468,-95.7475,350
336,2022,2022-04-23,IA,1,0,0,41.8472,-93.8058,41.8635,-93.7884,80
337,2022,2022-05-21,AR,U,0,0,34.4608,-93.2497,34.462,-93.2486,50
338,2022,2022-03-30,MS,1,0,0,32.513,-91.005,32.5537,-90.9692,100
339,2022,2022-05-27,VA,0,0,0,37.824,-77.76,37.9165,-77.646,50
340,2022,2022-05-02,OK,U,0,0,35.8909,-95.0241,35.8909,-95.0241,75
341,2022,2022-05-09,WI,1,0,0,44.9192,-91.8256,44.9795,-91.6556,50
342,2022,2022-05-30,MN,1,0,0,45.1517,-95.9186,45.1706,-95.9136,100
343,2022,2022-09-13,AZ,0,0,0,34.96,-110.33,34.96,-110.33,10
344,2022,2022-05-30,MN,1,0,0,46.0119,-92.9299,46.0597,-92.9342,300
345,2022,2022-04-05,LA,1,0,0,32.694,-92.519,32.6888,-92.4537,150
346,2022,2022-05-30,NE,1,0,0,42.72,-97.28,42.75,-97.24,100
347,2022,2022-05-20,MI,1,0,0,44.9743,-84.8794,44.9883,-84.8497,200
348,2022,2022-05-12,MN,1,0,0,45.7151,-96.3072,45.7401,-96.2958,20
349,2022,2022-05-05,TX,1,0,0,32.2408,-94.5904,32.249,-94.5566,250
350,2022,2022-03-21,TX,0,0,0,31.0641,-96.9967,31.0641,-96.9967,30
351,2022,2022-03-14,TX,1,0,0,33.3686,-96.3091,33.3914,-96.2599,150
352,2022,2022-04-05,LA,0,0,0,32.6958,-92.5409,32.694,-92.519,75
353,2022,2022-03-30,AL,2,0,0,32.5475,-87.2944,32.6154,-87.2309,620
354,2022,2022-05-05,TX,1,0,0,32.249,-94.5566,32.2716,-94.4534,500
355,2022,2022-05-25,IL,1,0,0,42.23,-89.584,42.254,-89.569,30
356,2022,2022-04-29,KS,U,0,0,37.78,-96.89,37.78,-96.8865,50
357,2022,2022-04-23,KS,1,0,0,39.1473,-100.5375,39.217,-100.4238,125
358,2022,2022-03-30,AL,1,0,0,32.9285,-87.7809,32.9353,-87.7626,270
359,2022,2022-03-30,AL,1,0,0,33.2447,-87.4525,33.2912,-87.416,400
360,2022,2022-05-11,MN,1,0,0,43.9142,-95.504,43.9483,-95.4623,75
361,2022,2022-05-05,TX,1,0,0,31.9814,-94.712,31.9948,-94.6568,350
362,2022,2022-05-06,WA,0,0,0,47.6576,-117.529,47.6575,-117.5164,50
363,2022,2022-05-06,WA,0,0,0,47.6479,-117.3493,47.6546,-117.3045,250
364,2022,2022-03-21,TX,1,0,0,30.9303,-97.1243,30.977,-97.081,200
365,2022,2022-04-17,MS,1,0,0,31.3579,-88.9778,31.3584,-88.9734,50
366,2022,2022-04-23,IA,0,0,0,41.8635,-93.7884,41.9388,-93.6981,80
367,2022,2022-04-23,IA,0,0,0,41.9388,-93.6981,41.9465,-93.6897,60
368,2022,2022-04-23,IA,U,0,0,41.8534,-93.758,41.8634,-93.7521,60
369,2022,2022-05-26,NC,1,0,0,36.07,-80.87,36.09,-80.85,100
370,2022,2022-03-21,TX,3,9,0,33.0446,-98.3298,33.434,-97.976,880
371,2022,2022-03-30,MS,1,0,0,32.447,-91.076,32.487,-91.028,100
372,2022,2022-05-25,MS,0,0,0,32.7277,-89.5625,32.7551,-89.5341,150
373,2022,2022-03-21,TX,1,0,0,33.4322,-97.3292,33.6494,-97.1493,150
374,2022,2022-04-13,AR,0,0,0,35.9719,-90.2253,35.9973,-90.1807,100
375,2022,2022-04-23,IA,U,0,0,41.8634,-93.7521,41.9043,-93.7236,60
376,2022,2022-04-23,IA,0,0,0,41.8077,-93.7029,41.8392,-93.682,75
377,2022,2022-05-25,FL,1,0,0,30.5114,-87.2238,30.5171,-87.2268,50
378,2022,2022-05-30,MN,0,0,0,47.229,-93.6597,47.2442,-93.6617,40
379,2022,2022-05-30,MN,1,0,0,46.56,-94.72,46.62,-94.68,500
380,2022,2022-05-19,WI,0,0,0,43.8881,-90.7469,43.8888,-90.7414,60
381,2022,2022-05-25,MS,0,0,0,32.8835,-89.2879,32.9072,-89.2592,100
382,2022,2022-05-13,IL,U,0,0,40.5798,-90.6815,40.5802,-90.6787,10
383,2022,2022-05-13,IL,U,0,0,40.8897,-90.661,40.8903,-90.659,10
384,2022,2022-05-13,IL,U,0,0,40.884,-90.6606,40.8849,-90.6587,10
385,2022,2022-04-29,KS,1,0,0,37.79,-96.72,37.83,-96.58,100
386,2022,2022-04-13,AR,0,0,0,35.6823,-90.2637,35.7007,-90.2391,75
387,2022,2022-05-26,NC,1,0,0,36.3,-80.59,36.33,-80.56,100
388,2022,2022-05-17,KS,U,0,0,39.9545,-100.2829,39.9577,-100.2485,100
389,2022,2022-04-12,IA,0,0,0,42.9334,-93.8167,42.9445,-93.7879,100
390,2022,2022-04-12,IA,1,0,0,43.1113,-93.2045,43.156,-93.1399,100
391,2022,2022-05-31,TX,0,0,0,34.7927,-100.0807,34.7754,-100.0581,125
392,2022,2022-05-17,KS,U,0,0,39.1297,-100.3664,39.1273,-100.3564,50
393,2022,2022-05-30,MN,1,0,0,47.33,-93.79,47.37,-93.81,150
394,2022,2022-03-21,TX,0,0,0,33.0042,-96.913,33.0153,-96.8839,50
395,2022,2022-05-30,MN,1,0,0,45.2994,-95.9205,45.4028,-95.9075,100
396,2022,2022-05-31,TX,0,0,0,34.7624,-100.0317,34.7527,-100.0,180
397,2022,2022-05-04,OK,1,0,0,35.351,-96.441,35.443,-96.342,1350
398,2022,2022-05-04,OK,1,0,0,35.39,-96.344,35.395,-96.341,150
399,2022,2022-05-09,WI,0,0,0,44.9504,-92.0619,44.9529,-92.0474,50
400,2022,2022-03-21,TX,0,0,0,32.6563,-97.478,32.6566,-97.4701,50
401,2022,2022-04-12,IA,1,0,0,42.7158,-94.3539,42.7463,-94.3028,300
402,2022,2022-04-22,KS,1,0,0,38.8851,-101.7555,38.9242,-101.733,350
403,2022,2022-05-27,VA,2,3,0,37.3776,-79.3655,37.46,-79.32,330
404,2022,2022-05-16,CO,0,0,0,40.73,-102.99,40.73,-102.99,20
405,2022,2022-04-13,KY,1,0,0,37.45,-85.874,37.452,-85.832,200
406,2022,2022-04-13,KY,1,0,0,38.114,-85.613,38.139,-85.497,175
407,2022,2022-04-13,KY,0,0,0,38.0477,-85.4331,38.0477,-85.4331,30
408,2022,2022-04-13,KY,0,0,0,38.128,-85.208,38.128,-85.208,50
409,2022,2022-04-13,KY,1,0,0,38.147,-85.171,38.149,-85.168,100
410,2022,2022-05-05,OK,1,0,0,35.072,-95.564,35.073,-95.521,450
411,2022,2022-03-21,TX,0,0,0,32.7874,-97.403,32.792,-97.3813,50
412,2022,2022-03-21,TX,0,0,0,30.8611,-97.6004,30.8777,-97.5814,100
413,2022,2022-05-30,MN,1,0,0,45.4468,-95.7475,45.4716,-95.7239,350
414,2022,2022-05-30,MN,1,0,0,45.6047,-95.6081,45.6402,-95.5669,200
415,2022,2022-04-12,IA,2,0,0,42.7912,-94.3335,42.848,-94.2774,250
416,2022,2022-04-23,KS,1,0,0,39.5062,-100.558,39.5678,-100.5262,125
417,2022,2022-04-22,KS,0,0,0,39.1053,-101.1829,39.134,-101.1699,100
418,2022,2022-05-08,ND,0,0,0,46.8493,-98.283,46.8512,-98.2806,10
419,2022,2022-03-30,AL,1,0,0,31.8136,-88.3637,31.9945,-88.0986,150
420,2022,2022-05-25,TX,1,0,0,29.9762,-93.9766,29.9711,-93.9602,50
421,2022,2022-05-01,PR,1,0,0,18.4589,-66.746,18.4543,-66.7448,176
422,2022,2022-03-21,TX,1,0,0,30.7696,-97.3612,30.8469,-97.3161,40
423,2022,2022-04-12,IA,2,1,0,42.6492,-94.5437,42.7479,-94.5,450
424,2022,2022-04-22,KS,0,0,0,39.134,-101.1699,39.1849,-101.1503,100
425,2022,2022-05-27,VA,1,0,0,36.9987,-78.7104,37.0,-78.71,60
426,2022,2022-05-17,ND,U,0,0,48.86,-100.83,48.8623,-100.8237,50
427,2022,2022-03-21,TX,0,0,0,31.5058,-96.5759,31.6023,-96.423,100
428,2022,2022-03-21,TX,1,0,0,32.8672,-98.5296,32.9591,-98.4046,400
429,2022,2022-03-21,TX,1,0,0,33.5069,-97.9021,33.5255,-97.8774,150
430,2022,2022-03-21,TX,0,0,0,33.434,-97.976,33.4395,-97.9699,280
431,2022,2022-05-19,MO,1,0,0,37.63,-92.01,37.672,-91.9997,200
432,2022,2022-01-03,NC,1,0,0,35.2145,-78.3624,35.2154,-78.3606,75
433,2022,2022-05-20,MI,3,44,2,44.9883,-84.8497,45.0555,-84.5408,200
434,2022,2022-03-05,IL,0,0,0,40.1971,-89.9508,40.2292,-89.8263,50
435,2022,2022-05-02,OK,1,0,0,34.961,-94.576,35.019,-94.506,1400
436,2022,2022-05-30,MN,1,0,0,45.5151,-95.6965,45.5795,-95.6337,100
437,2022,2022-04-23,KS,1,0,0,39.5678,-100.5262,39.5805,-100.5202,125
438,2022,2022-03-30,AL,1,0,0,32.6462,-88.0263,32.7465,-87.9363,275
439,2022,2022-05-19,MO,1,0,0,37.85,-91.7488,37.8641,-91.7481,100
440,2022,2022-05-23,NC,0,0,0,36.0455,-78.8639,36.0274,-78.8797,100
441,2022,2022-03-30,TX,1,0,0,32.834,-96.3474,32.84,-96.3427,50
442,2022,2022-05-06,OR,1,0,0,45.787,-118.283,45.799,-118.226,175
443,2022,2022-05-18,MN,0,0,0,46.9438,-92.0955,46.9462,-92.0298,50
444,2022,2022-04-13,KY,0,0,0,37.486,-85.68,37.497,-85.621,200
445,2022,2022-04-05,GA,1,0,0,32.4398,-83.1547,32.443,-83.15,250
446,2022,2022-01-02,GA,0,0,0,32.197,-82.4034,32.1995,-82.3968,100
447,2022,2022-03-09,GA,0,0,0,32.0618,-84.9969,32.0721,-84.9816,75
448,2022,2022-03-05,IA,0,0,0,41.03,-95.38,41.03,-95.38,17
449,2022,2022-04-23,OK,0,0,0,35.311,-97.855,35.32,-97.79,30
450,2022,2022-04-23,OK,0,0,0,35.534,-97.214,35.525,-97.213,20
451,2022,2022-04-23,OK,0,0,0,35.469,-97.214,35.476,-97.203,30
452,2022,2022-05-06,FL,0,0,0,30.1135,-84.1584,30.1054,-84.1175,25
453,2022,2022-05-06,FL,0,0,0,30.1114,-83.5833,30.112,-83.5789,50
454,2022,2022-03-23,SC,2,0,0,34.854,-82.828,34.918,-82.75,440
455,2022,2022-05-27,PA,1,3,0,39.8552,-76.0797,39.891,-76.0459,130
456,2022,2022-05-26,KY,1,0,0,38.5329,-82.9948,38.5445,-82.9913,60
457,2022,2022-04-06,GA,1,0,0,31.912,-83.967,31.9142,-83.961,100
458,2022,2022-04-06,GA,0,0,0,32.575,-83.2443,32.575,-83.244,100
459,2022,2022-04-06,GA,0,0,0,32.698,-82.485,32.7085,-82.4359,500
460,2022,2022-04-06,GA,1,0,0,32.5532,-82.573,32.602,-82.3078,500
461,2022,2022-03-21,TX,1,0,0,30.1538,-96.955,30.1743,-96.9223,50
462,2022,2022-03-21,TX,2,0,0,30.4796,-97.6754,30.7696,-97.3612,600
463,2022,2022-04-12,MN,2,2,0,43.5406,-92.6601,43.5933,-92.6305,475
464,2022,2022-05-27,ID,0,0,0,43.4121,-116.7564,43.4305,-116.6858,35
465,2022,2022-03-30,AL,3,0,0,32.7471,-87.1201,32.836,-87.076,1200
466,2022,2022-04-05,GA,1,0,0,32.6957,-84.056,32.7498,-83.9184,200
467,2022,2022-04-05,GA,4,12,1,32.1202,-81.6561,32.1854,-81.4225,1300
468,2022,2022-04-04,TX,1,0,0,33.2982,-96.4049,33.2994,-96.4004,188
469,2022,2022-04-04,TX,2,1,0,32.483,-97.4275,32.4584,-97.2669,150
470,2022,2022-04-05,AL,1,0,0,31.7302,-87.1352,31.7421,-87.1135,75
471,2022,2022-04-05,GA,0,0,0,31.9286,-83.3573,31.966,-83.274,200
472,2022,2022-04-05,GA,0,0,0,31.966,-83.274,31.981,-83.2108,200
473,2022,2022-04-05,AL,U,0,0,31.8712,-86.2108,31.8752,-86.2051,25
474,2022,2022-04-21,CA,U,0,0,38.11,-121.48,38.11,-121.48,16
475,2022,2022-04-04,TX,0,0,0,32.4195,-97.3302,32.4243,-97.302,75
476,2022,2022-04-04,TX,0,0,0,32.4657,-97.241,32.4654,-97.1575,200
477,2022,2022-04-04,TX,0,0,0,32.4518,-97.1176,32.4861,-97.0947,50
478,2022,2022-04-04,TX,0,0,0,32.4769,-97.0556,32.473,-97.0316,30
479,2022,2022-04-12,IA,0,0,0,43.2127,-92.8754,43.2412,-92.83,50
480,2022,2022-04-12,IA,0,0,0,43.1572,-92.9427,43.2127,-92.8754,50
481,2022,2022-04-05,GA,0,0,0,32.4624,-82.5512,32.467,-82.5372,100
482,2022,2022-04-06,GA,0,0,0,32.575,-83.244,32.568,-83.218,100
483,2022,2022-04-05,GA,1,0,0,32.3804,-84.756,32.433,-84.6591,300
484,2022,2022-03-31,PA,2,0,0,40.8332,-79.374,40.9171,-79.2537,350
485,2022,2022-05-25,AL,0,0,0,34.3197,-86.039,34.3238,-86.039,65
486,2022,2022-05-26,AL,1,0,0,34.3948,-86.7938,34.4029,-86.7864,65
487,2022,2022-04-12,IA,1,0,0,43.3244,-92.7049,43.3421,-92.6547,250
488,2022,2022-04-05,GA,3,3,0,32.548,-83.6024,32.578,-83.5458,820
489,2022,2022-04-06,GA,0,0,0,32.568,-83.218,32.555,-83.1871,100
490,2022,2022-04-05,GA,1,0,0,32.5325,-84.4431,32.5492,-84.3949,150
491,2022,2022-04-23,SD,0,0,0,45.58,-99.33,45.5801,-99.3295,10
492,2022,2022-05-04,TX,U,0,0,33.804,-100.1325,33.8355,-100.0159,50
493,2022,2022-05-04,TX,U,0,0,33.8149,-100.3299,33.805,-100.1847,100
494,2022,2022-05-01,TX,0,0,0,35.6365,-101.5991,35.6368,-101.5991,25
495,2022,2022-04-05,GA,1,0,0,32.3497,-83.3145,32.361,-83.283,125
496,2022,2022-04-17,MS,2,1,0,31.2869,-88.7427,31.273,-88.7176,400
497,2022,2022-04-06,GA,1,0,0,32.3883,-83.3783,32.3787,-83.261,150
498,2022,2022-04-12,TX,U,0,0,31.3405,-97.7778,31.2874,-97.7997,50
499,2022,2022-04-12,TX,3,23,0,30.8918,-97.7303,31.0167,-97.6239,770
500,2022,2022-04-12,TX,0,0,0,31.0408,-97.217,31.0296,-97.1574,120
501,2022,2022-03-30,AR,3,7,0,36.122,-94.156,36.185,-94.107,350
502,2022,2022-05-27,PA,0,0,0,39.8524,-77.6368,39.8561,-77.635,185
503,2022,2022-05-27,PA,0,0,0,40.2675,-77.2428,40.2683,-77.2401,125
504,2022,2022-05-01,TX,U,0,0,31.1341,-102.9928,31.0948,-102.931,100
505,2022,2022-05-01,TX,U,0,0,31.054,-102.6671,31.0796,-102.6372,100
506,2022,2022-04-05,SC,1,0,0,33.0993,-81.218,33.1154,-81.1889,465
507,2022,2022-06-20,SD,U,0,0,44.476,-97.633,44.476,-97.633,10
508,2022,2022-04-06,GA,1,0,0,32.3787,-83.261,32.3748,-83.1839,150
509,2022,2022-04-24,OK,0,0,0,34.723,-97.265,34.724,-97.261,50
510,2022,2022-05-06,NC,1,0,0,36.3646,-79.7966,36.39,-79.64,300
511,2022,2022-05-06,VA,0,0,0,37.88,-79.29,37.88,-79.29,60
512,2022,2022-05-31,FL,U,0,0,28.2098,-82.6904,28.2097,-82.6945,25
513,2022,2022-05-31,FL,U,0,0,27.39,-82.47,27.3912,-82.4782,25
514,2022,2022-05-31,FL,U,0,0,27.9847,-82.5584,27.984,-82.5675,25
515,2022,2022-05-12,MN,1,0,0,45.9062,-95.3967,45.9403,-95.3781,200
516,2022,2022-05-01,TX,U,0,0,30.9188,-102.7609,30.9198,-102.7576,50
517,2022,2022-03-30,AL,3,1,0,32.836,-87.076,33.057,-86.904,1200
518,2022,2022-03-30,AL,1,1,0,33.057,-86.904,33.1086,-86.8612,450
519,2022,2022-04-12,TX,1,0,0,30.8846,-97.788,30.8918,-97.7307,500
520,2022,2022-04-05,GA,1,0,0,32.4467,-82.426,32.4554,-82.4176,200
521,2022,2022-04-05,GA,1,0,0,32.5482,-82.4197,32.6003,-82.3324,150
522,2022,2022-03-31,NC,2,0,0,35.1042,-80.2373,35.155,-80.1907,200
523,2022,2022-05-01,TX,2,0,0,32.6377,-100.7711,32.6397,-100.7655,150
524,2022,2022-05-23,TX,U,0,0,33.8136,-102.8465,33.8143,-102.8292,50
525,2022,2022-05-23,TX,U,0,0,33.664,-102.5559,33.6636,-102.5482,50
526,2022,2022-04-05,AL,2,0,0,31.7731,-88.1682,31.8147,-88.0162,800
527,2022,2022-04-06,GA,1,0,0,32.4901,-83.1557,32.4819,-83.0722,150
528,2022,2022-04-06,GA,1,0,0,32.369,-83.11,32.338,-82.8632,200
529,2022,2022-07-06,OH,1,0,0,39.1675,-83.9993,39.1988,-83.9517,250
530,2022,2022-05-23,TX,2,0,0,33.8093,-102.786,33.825,-102.764,1400
531,2022,2022-05-23,TX,2,0,0,33.6266,-102.5438,33.6829,-102.4312,1420
532,2022,2022-04-12,IA,0,0,0,43.3276,-92.4483,43.3559,-92.3677,125
533,2022,2022-04-05,AL,2,0,0,31.8712,-86.2108,31.8833,-86.193,250
534,2022,2022-04-05,SC,0,0,0,33.169,-80.5188,33.2106,-80.4357,50
535,2022,2022-04-05,SC,0,0,0,32.8435,-81.0761,32.8561,-81.0502,250
536,2022,2022-04-06,SC,0,0,0,32.9187,-80.7411,32.9171,-80.7237,100
537,2022,2022-04-13,OK,1,1,0,35.82,-94.659,35.841,-94.545,700
538,2022,2022-04-05,GA,1,0,0,32.6484,-83.3773,32.677,-83.281,400
539,2022,2022-04-05,GA,1,0,0,32.615,-84.2418,32.6717,-84.1379,300
540,2022,2022-04-11,AR,1,0,0,35.276,-94.134,35.27,-94.116,140
541,2022,2022-07-06,OH,1,0,0,39.2387,-84.2781,39.225,-84.2401,100
542,2022,2022-05-23,TX,2,0,0,33.825,-102.764,33.8342,-102.7815,1400
543,2022,2022-05-23,TX,U,0,0,33.6874,-102.6876,33.687,-102.6853,50
544,2022,2022-05-26,IL,U,0,0,42.1709,-89.6011,42.1702,-89.6024,20
545,2022,2022-04-12,IA,1,0,0,43.328,-92.5543,43.3477,-92.5128,325
546,2022,2022-04-05,SC,3,1,0,32.9286,-81.3756,33.0518,-81.1998,1000
547,2022,2022-04-05,SC,1,0,0,33.1124,-81.2277,33.1118,-81.2055,100
548,2022,2022-04-05,GA,1,0,0,32.307,-84.169,32.3913,-83.8893,250
549,2022,2022-03-05,IA,0,0,0,41.5374,-90.7259,41.5388,-90.7248,25
550,2022,2022-05-27,MD,1,0,0,38.4957,-76.782,38.5124,-76.7344,100
551,2022,2022-05-23,TX,U,0,0,33.8213,-102.7178,33.825,-102.713,50
552,2022,2022-05-19,IL,0,0,0,38.614,-89.751,38.617,-89.749,50
553,2022,2022-04-29,NE,U,0,0,40.1,-99.51,40.1,-99.51,20
554,2022,2022-04-29,NE,U,0,0,40.04,-99.61,40.03,-99.59,20
555,2022,2022-04-29,NE,U,0,0,40.42,-99.03,40.41,-99.01,20
556,2022,2022-04-05,GA,0,0,0,32.5211,-82.3086,32.5278,-82.2997,50
557,2022,2022-01-02,GA,0,0,0,31.8658,-83.3347,31.8709,-83.3282,100
558,2022,2022-03-30,AL,2,0,0,31.99,-88.1,32.0,-88.09,350
559,2022,2022-03-23,NC,1,0,0,35.954,-81.301,36.009,-81.214,150
560,2022,2022-03-14,TX,0,0,0,29.405,-95.1484,29.4064,-95.1468,30
561,2022,2022-03-21,TX,0,0,0,30.4909,-96.4715,30.5053,-96.4679,50
562,2022,2022-03-21,TX,1,0,0,30.7405,-96.2008,30.7431,-96.1949,175
563,2022,2022-03-21,TX,1,0,0,30.9357,-95.9381,30.958,-95.9062,200
564,2022,2022-03-23,VA,2,0,0,36.6922,-80.5873,36.7145,-80.5703,125
565,2022,2022-05-23,TX,U,0,0,33.825,-102.713,33.835,-102.7157,50
566,2022,2022-05-03,OH,0,0,0,40.9429,-83.7853,41.0121,-83.6854,25
567,2022,2022-05-19,MO,0,0,0,38.305,-91.041,38.341,-91.05,50
568,2022,2022-05-19,IL,0,0,0,38.424,-89.5,38.442,-89.48,50
569,2022,2022-05-19,IN,1,0,0,38.41,-87.745,38.417,-87.732,150
570,2022,2022-05-31,KS,U,0,0,37.11,-96.78,37.1102,-96.7796,20
571,2022,2022-03-30,AL,1,0,0,33.2649,-86.6431,33.3125,-86.5908,135
572,2022,2022-03-30,AL,2,0,0,32.0,-88.09,32.2,-87.9,1350
573,2022,2022-04-29,NE,0,0,0,40.12,-97.84,40.1327,-97.8208,35
574,2022,2022-04-29,NE,0,0,0,40.1327,-97.8208,40.15,-97.76,35
575,2022,2022-04-05,SC,1,0,0,33.8947,-79.3035,33.9006,-79.2954,50
576,2022,2022-04-05,GA,1,0,0,32.443,-83.15,32.4523,-83.1281,250
577,2022,2022-04-06,GA,0,0,0,32.3725,-83.1406,32.369,-83.11,200
578,2022,2022-04-06,GA,1,0,0,32.6714,-82.5734,32.698,-82.485,500
579,2022,2022-03-21,TX,2,10,1,31.1346,-95.675,31.422,-95.3555,200
580,2022,2022-06-30,LA,0,0,0,30.68,-92.4,30.6804,-92.4008,10
581,2022,2022-05-23,TX,U,0,0,33.7937,-102.6694,33.788,-102.6433,50
582,2022,2022-05-03,OH,1,0,0,41.2123,-82.7489,41.2155,-82.7418,50
583,2022,2022-05-19,MO,0,0,0,38.582,-90.398,38.623,-90.379,75
584,2022,2022-05-19,IL,1,0,0,38.741,-89.482,38.882,-89.391,250
585,2022,2022-05-27,SC,0,0,0,33.9089,-79.0653,33.9161,-79.0507,15
586,2022,2022-05-27,SC,0,0,0,34.0513,-78.8869,34.064,-78.8788,20
587,2022,2022-03-30,AL,0,0,0,32.2663,-86.6128,32.3067,-86.6014,125
588,2022,2022-03-22,LA,0,0,0,29.8849,-90.0535,29.914,-90.0258,100
589,2022,2022-04-05,GA,1,0,0,32.8716,-83.697,32.8816,-83.6642,100
590,2022,2022-04-05,GA,2,0,0,32.189,-83.8806,32.2094,-83.7843,300
591,2022,2022-04-05,GA,0,0,0,33.095,-83.3493,33.1185,-83.3409,150
592,2022,2022-11-29,MS,1,0,0,31.3824,-90.0697,31.4009,-90.0444,200
593,2022,2022-04-05,GA,1,0,0,32.677,-83.281,32.7144,-83.1802,400
594,2022,2022-03-22,TX,0,4,0,29.4886,-96.0397,29.4936,-96.0237,30
595,2022,2022-03-22,TX,0,0,0,29.2286,-95.3365,29.2286,-95.3343,30
596,2022,2022-05-04,TX,U,0,0,33.813,-100.5941,33.8263,-100.5314,30
597,2022,2022-05-23,TX,0,0,0,33.7802,-102.5942,33.7821,-102.5608,200
598,2022,2022-05-19,MO,0,0,0,38.63,-90.418,38.648,-90.41,50
599,2022,2022-05-19,IL,1,0,0,38.663,-89.519,38.741,-89.482,250
600,2022,2022-04-12,IA,1,0,0,43.2574,-92.6427,43.328,-92.5543,325
601,2022,2022-04-28,NE,U,0,0,40.03,-99.43,40.03,-99.43,20
602,2022,2022-04-05,GA,1,0,0,32.361,-83.283,32.3818,-83.1899,125
603,2022,2022-04-05,AL,1,0,0,31.797,-88.0528,31.806,-88.0281,100
604,2022,2022-05-23,TX,U,0,0,33.6627,-102.5785,33.6524,-102.5644,50
605,2022,2022-05-19,MO,0,0,0,38.679,-90.47,38.69,-90.474,50
606,2022,2022-05-26,SC,0,0,0,32.7702,-80.674,32.7802,-80.6739,75
607,2022,2022-05-19,IL,2,0,0,38.3439,-87.8778,38.41,-87.745,300
608,2022,2022-05-31,KS,U,0,0,37.16,-96.74,37.1601,-96.7399,20
609,2022,2022-04-12,IA,0,0,0,43.2965,-92.0033,43.2982,-91.9915,125
610,2022,2022-03-22,LA,3,2,1,29.9473,-90.0063,29.9871,-89.9841,320
611,2022,2022-03-21,TX,2,0,0,29.6893,-97.7307,29.7294,-97.7177,600
612,2022,2022-11-29,MS,1,0,0,33.4605,-89.2425,33.49,-89.1303,330
613,2022,2022-03-21,TX,1,0,0,30.4632,-97.6845,30.4796,-97.6754,260
614,2022,2022-03-21,TX,2,1,0,32.849,-94.699,32.879,-94.664,350
615,2022,2022-03-06,AR,1,0,0,36.371,-91.1183,36.3985,-91.0932,150
616,2022,2022-03-06,AR,1,0,0,35.43,-93.23,35.53,-92.9815,600
617,2022,2022-03-21,TX,1,0,0,30.7736,-97.6804,30.8611,-97.6004,300
618,2022,2022-03-12,FL,1,0,0,28.4946,-82.6674,28.5189,-82.5759,100
619,2022,2022-03-06,AR,2,5,0,36.03,-91.84,36.092,-91.681,800
620,2022,2022-03-06,AR,0,0,0,36.092,-91.681,36.1006,-91.6568,800
621,2022,2022-03-09,FL,U,0,0,30.87,-85.18,30.8721,-85.1793,25
622,2022,2022-03-22,AL,0,0,0,34.8657,-87.3377,34.8891,-87.3219,140
623,2022,2022-03-05,IL,1,0,0,39.403,-89.664,39.436,-89.605,40
624,2022,2022-03-07,AR,1,0,0,33.96,-91.96,33.9937,-91.8148,250
625,2022,2022-03-07,AR,1,0,0,34.15,-91.46,34.2021,-91.3553,550
626,2022,2022-03-05,IA,U,0,0,40.8423,-93.5849,40.8537,-93.5568,60
627,2022,2022-03-12,FL,1,0,0,29.3624,-81.5563,29.3841,-81.472,70
628,2022,2022-03-09,FL,0,0,0,30.8145,-85.5588,30.8157,-85.5352,200
629,2022,2022-03-09,FL,1,0,0,30.817,-85.5013,30.8182,-85.4984,100
630,2022,2022-03-09,FL,1,0,0,30.1514,-85.5656,30.1513,-85.5588,25
631,2022,2022-03-18,FL,1,0,0,30.6645,-86.0182,30.6621,-86.0048,25
632,2022,2022-03-30,OK,0,0,0,34.922,-95.551,34.926,-95.542,100
633,2022,2022-03-05,IA,2,0,0,41.4189,-93.7907,41.5115,-93.5767,500
634,2022,2022-03-30,AR,1,0,0,35.5362,-93.5756,35.5635,-93.5241,400
635,2022,2022-03-05,IA,2,0,0,41.5115,-93.5767,41.6104,-93.3486,400
636,2022,2022-03-05,IA,U,0,0,40.8537,-93.5568,40.8565,-93.5499,60
637,2022,2022-03-11,FL,0,0,0,27.2221,-80.2367,27.2228,-80.2349,40
638,2022,2022-03-12,FL,1,0,0,29.0497,-82.461,29.1817,-82.0462,65
639,2022,2022-03-12,FL,0,0,0,26.4508,-81.952,26.4512,-81.9518,50
640,2022,2022-03-30,TX,1,0,0,33.6486,-95.1559,33.6788,-95.1178,100
641,2022,2022-03-18,FL,2,0,0,30.1705,-85.7128,30.185,-85.691,75
642,2022,2022-03-05,IA,U,0,0,40.8976,-93.4338,40.9123,-93.3968,100
643,2022,2022-03-30,LA,0,0,0,31.8748,-93.2103,31.8843,-93.1929,100
644,2022,2022-03-30,LA,0,0,0,31.8656,-93.2078,31.8954,-93.121,100
645,2022,2022-03-06,OH,0,0,0,40.2467,-84.4431,40.257,-84.3973,100
646,2022,2022-03-07,IN,0,0,0,39.1406,-85.2964,39.1437,-85.2728,100
647,2022,2022-03-12,FL,1,0,0,27.46,-81.26,27.4644,-81.2506,50
648,2022,2022-05-06,IN,0,0,0,39.0119,-85.9163,39.0118,-85.9152,20
649,2022,2022-03-05,IA,2,0,0,41.6104,-93.3486,41.734,-93.0135,400
650,2022,2022-03-30,LA,1,0,0,31.1854,-93.0299,31.193,-92.9959,85
651,2022,2022-03-31,NC,1,0,0,35.1558,-80.19,35.1903,-80.1623,200
652,2022,2022-03-31,NC,1,0,0,35.8672,-78.8372,35.8698,-78.835,100
653,2022,2022-03-30,LA,1,0,0,32.0323,-93.0364,32.0619,-92.9843,200
654,2022,2022-03-30,LA,1,0,0,32.2535,-92.822,32.2696,-92.7992,400
655,2022,2022-03-23,OH,0,0,0,39.3919,-84.0061,39.4079,-83.992,50
656,2022,2022-03-23,OH,0,0,0,39.4079,-83.992,39.4101,-83.99,50
657,2022,2022-03-16,FL,1,1,0,27.3298,-82.5419,27.3459,-82.5228,100
658,2022,2022-06-08,MD,0,0,0,38.4256,-76.7184,38.4373,-76.6649,75
659,2022,2022-03-23,GA,0,0,0,30.7004,-83.0635,30.7077,-83.0618,25
660,2022,2022-06-08,MO,2,0,0,39.121,-94.3091,39.1217,-94.1307,200
661,2022,2022-06-08,KS,0,0,0,38.6424,-94.8316,38.5868,-94.6658,75
662,2022,2022-06-11,MO,0,0,0,39.7039,-94.5542,39.7036,-94.5542,20
663,2022,2022-03-18,KY,0,0,0,37.807,-86.273,37.834,-86.24,80
664,2022,2022-03-18,KY,1,0,0,37.703,-86.005,37.731,-85.939,100
665,2022,2022-03-05,IA,2,0,0,40.7595,-93.708,40.8437,-93.5569,300
666,2022,2022-03-05,IA,U,0,0,40.9031,-93.4387,40.9163,-93.4031,60
667,2022,2022-03-30,LA,0,0,0,31.584,-93.0073,31.5866,-92.9621,50
668,2022,2022-03-30,LA,1,0,0,32.2813,-92.7414,32.2834,-92.7371,200
669,2022,2022-03-06,OH,0,0,0,40.2395,-84.5174,40.2564,-84.4677,100
670,2022,2022-03-21,TX,0,0,0,30.5422,-96.4391,30.5457,-96.4363,175
671,2022,2022-03-23,OH,0,0,0,41.009,-82.8065,41.0181,-82.7967,100
672,2022,2022-06-08,KS,0,0,0,38.6076,-94.7944,38.5464,-94.6359,75
673,2022,2022-06-08,KS,1,0,0,38.964,-94.7853,38.956,-94.6082,125
674,2022,2022-06-08,MO,1,0,0,38.956,-94.6072,38.9513,-94.5175,125
675,2022,2022-03-18,KY,0,0,0,37.991,-85.961,38.005,-85.934,80
676,2022,2022-03-18,KY,1,0,0,37.864,-85.696,37.865,-85.69,100
677,2022,2022-03-21,TX,2,0,0,32.879,-94.664,32.887,-94.654,225
678,2022,2022-03-21,TX,2,0,0,31.6591,-95.0306,31.691,-94.963,850
679,2022,2022-03-21,TX,2,0,0,31.844,-94.825,32.0749,-94.6408,1400
680,2022,2022-03-21,TX,2,1,0,32.072,-94.602,32.206,-94.5117,500
681,2022,2022-03-05,IA,2,0,0,40.8437,-93.5569,40.8976,-93.4338,200
682,2022,2022-03-05,IA,3,1,1,40.9405,-93.3854,41.0268,-93.2018,350
683,2022,2022-03-30,LA,1,0,0,32.3883,-92.5378,32.3942,-92.5286,500
684,2022,2022-03-30,LA,1,0,0,32.4227,-92.5223,32.4612,-92.4663,200
685,2022,2022-03-21,TX,0,0,0,30.2524,-97.4755,30.2629,-97.4617,155
686,2022,2022-03-21,TX,2,0,0,30.2629,-97.4617,30.3633,-97.3214,500
687,2022,2022-03-06,MO,0,0,0,36.5866,-90.4501,36.5872,-90.4484,50
688,2022,2022-03-31,FL,1,0,0,30.6909,-85.434,30.7544,-85.3585,200
689,2022,2022-03-31,PA,1,0,0,40.379,-75.2266,40.3991,-75.1989,100
690,2022,2022-03-05,IA,4,5,6,41.2334,-94.2013,41.4189,-93.7907,900
691,2022,2022-03-21,TX,0,0,0,30.3667,-97.2885,30.3742,-97.2756,50
692,2022,2022-03-21,TX,0,0,0,30.3742,-97.2756,30.4036,-97.2064,50
693,2022,2022-03-18,MO,0,0,0,36.5107,-89.6882,36.5157,-89.677,50
694,2022,2022-03-30,IL,0,0,0,37.9507,-88.8089,37.98,-88.7445,100
695,2022,2022-03-18,IN,1,0,0,38.556,-86.178,38.606,-86.101,200
696,2022,2022-03-05,IA,U,0,0,40.9344,-94.7859,40.9431,-94.76,40
697,2022,2022-03-05,IA,2,0,0,40.6834,-93.3892,40.7717,-93.2409,300
698,2022,2022-03-30,IL,0,0,0,38.3586,-88.3813,38.3626,-88.3792,50
699,2022,2022-03-30,IL,1,0,0,38.0077,-88.2352,38.0867,-88.1665,400
700,2022,2022-03-30,TX,1,0,0,31.2925,-93.8314,31.2957,-93.8157,100
701,2022,2022-03-06,AR,1,0,0,35.8011,-92.4292,35.809,-92.416,200
702,2022,2022-03-06,AR,1,0,0,35.809,-92.416,35.8229,-92.3951,200
703,2022,2022-03-05,IA,0,0,0,41.0862,-94.5078,41.0958,-94.4706,100
704,2022,2022-03-05,IA,0,0,0,40.9807,-93.3198,40.977,-93.3202,60
705,2022,2022-03-23,SC,0,0,0,34.851,-82.894,34.852,-82.893,20
706,2022,2022-03-29,KS,1,0,0,39.28,-95.43,39.4,-95.33,10
707,2022,2022-03-30,IN,1,0,0,38.0666,-87.7176,38.0711,-87.7,75
708,2022,2022-03-31,FL,3,1,2,30.6376,-85.5108,30.6909,-85.434,200
709,2022,2022-03-23,OH,U,0,0,40.9651,-84.7032,40.9681,-84.6996,20
710,2022,2022-03-21,TX,1,0,0,33.1614,-94.3085,33.1687,-94.2783,150
711,2022,2022-03-05,IA,U,0,0,41.0958,-94.4706,41.0988,-94.4559,80
712,2022,2022-03-05,IA,2,0,0,41.7455,-92.9727,41.8332,-92.766,500
713,2022,2022-03-29,MO,1,0,0,39.7806,-94.7842,39.7827,-94.7793,40
714,2022,2022-03-30,TX,1,0,0,31.1491,-93.6336,31.1433,-93.6018,100
715,2022,2022-03-21,TX,1,0,0,33.2148,-94.1655,33.225,-94.1325,200
716,2022,2022-03-06,IN,0,0,0,40.8219,-86.5484,40.8246,-86.5414,25
717,2022,2022-03-21,TX,2,0,0,29.63,-97.78,29.6893,-97.7307,600
718,2022,2022-03-21,TX,2,0,0,32.887,-94.654,33.0128,-94.4388,650
719,2022,2022-03-21,TX,2,1,0,31.691,-94.963,31.844,-94.825,1400
720,2022,2022-03-21,TX,2,0,0,32.0548,-94.6089,32.072,-94.602,500
721,2022,2022-03-21,TX,1,0,0,32.371,-94.2821,32.4072,-94.1778,200
722,2022,2022-03-21,TX,2,7,0,32.6428,-94.966,32.849,-94.699,700
723,2022,2022-03-05,IA,1,0,0,41.8332,-92.766,41.8624,-92.7148,150
724,2022,2022-03-31,VA,0,0,0,38.8653,-77.4579,38.8655,-77.457,30
725,2022,2022-03-31,VA,0,0,0,38.9196,-77.2259,38.9195,-77.2234,50
726,2022,2022-06-12,MN,0,0,0,48.1,-95.63,48.1065,-95.616,75
727,2022,2022-06-24,ND,0,0,0,47.86,-98.49,47.8599,-98.4751,100
728,2022,2022-06-24,ND,0,0,0,47.83,-98.35,47.8311,-98.341,100
729,2022,2022-11-04,AR,0,0,0,36.115,-93.697,36.132,-93.687,150
730,2022,2022-11-04,AR,0,0,0,35.37,-93.9,35.375,-93.871,150
731,2022,2022-06-24,ND,0,0,0,48.61,-98.1,48.6222,-98.0602,10
732,2022,2022-06-24,ND,0,0,0,47.82,-98.18,47.8294,-98.1642,100
733,2022,2022-05-21,IN,1,0,0,39.375,-85.907,39.375,-85.903,25
734,2022,2022-11-04,AR,1,0,0,35.416,-93.829,35.421,-93.807,1100
735,2022,2022-11-04,AR,1,0,0,35.422,-93.804,35.428,-93.777,900
736,2022,2022-05-17,NE,U,0,0,40.03,-99.88,40.03,-99.88,20
737,2022,2022-06-24,ND,1,0,0,48.45,-97.96,48.4716,-97.9235,100
738,2022,2022-04-13,MS,0,0,0,34.9251,-88.5227,34.9241,-88.5197,25
739,2022,2022-06-13,OH,1,0,0,40.4508,-82.6386,40.4127,-82.5828,25
740,2022,2022-06-13,OH,1,0,0,40.4807,-82.6829,40.4508,-82.6386,25
741,2022,2022-06-14,NE,2,2,0,40.7081,-97.7613,40.7405,-97.6323,400
742,2022,2022-11-04,AR,U,0,0,35.23,-94.082,35.232,-94.055,150
743,2022,2022-11-04,AR,1,0,0,35.34,-93.913,35.356,-93.859,350
744,2022,2022-08-18,LA,0,0,0,29.81,-93.66,29.8181,-93.6427,10
745,2022,2022-03-30,FL,0,0,0,30.5751,-87.261,30.578,-87.2571,50
746,2022,2022-03-30,FL,1,0,0,30.6415,-87.1849,30.6451,-87.1806,50
747,2022,2022-08-15,TX,0,0,0,29.0497,-99.0062,29.0526,-99.0074,100
748,2022,2022-08-05,CO,U,0,0,39.9,-104.71,39.9,-104.71,25
749,2022,2022-08-01,MI,0,0,0,43.393,-83.526,43.399,-83.48,200
750,2022,2022-05-30,MN,1,0,0,46.1245,-95.5393,46.1879,-95.52,200
751,2022,2022-06-06,TN,0,0,0,35.6828,-89.2948,35.6828,-89.2935,40
752,2022,2022-06-13,OH,1,0,0,40.5985,-82.7479,40.5788,-82.6953,25
753,2022,2022-03-21,TX,1,0,0,33.688,-97.6874,33.914,-97.5103,500
754,2022,2022-08-26,LA,0,0,0,30.185,-93.2869,30.1855,-93.2911,10
755,2022,2022-05-30,MN,1,0,0,46.3965,-94.8277,46.4182,-94.7859,150
756,2022,2022-05-30,MN,0,0,0,45.1454,-95.9201,45.1517,-95.9186,100
757,2022,2022-06-24,ND,0,0,0,47.92,-97.69,47.9202,-97.6265,100
758,2022,2022-05-30,MN,1,0,0,45.7261,-95.3956,45.7591,-95.3759,400
759,2022,2022-06-24,MN,1,0,0,47.25,-95.68,47.2716,-95.6051,400
760,2022,2022-07-06,OH,2,2,0,39.2431,-84.1829,39.1982,-84.1143,500
761,2022,2022-08-27,MN,0,0,0,44.7152,-93.2642,44.7272,-93.2615,100
762,2022,2022-08-27,MN,0,0,0,44.9467,-93.035,44.9952,-93.0171,100
763,2022,2022-08-28,MN,0,0,0,44.8988,-95.2485,44.8985,-95.2436,25
764,2022,2022-08-28,MN,0,0,0,44.9004,-95.261,44.8988,-95.2485,25
765,2022,2022-11-29,MS,1,0,0,31.4597,-89.7572,31.4852,-89.6994,400
766,2022,2022-05-09,WI,0,0,0,45.4741,-92.6532,45.4847,-92.6509,50
767,2022,2022-06-13,OH,1,0,0,40.6061,-82.3376,40.5999,-82.3138,100
768,2022,2022-03-09,AL,1,0,0,30.6102,-88.3371,30.6301,-88.3189,50
769,2022,2022-05-30,MN,0,0,0,44.8885,-94.0098,44.9783,-93.9716,400
770,2022,2022-06-24,MN,0,0,0,48.13,-95.66,48.1301,-95.6588,40
771,2022,2022-05-30,MN,1,0,0,46.1318,-95.0461,46.3158,-94.8781,800
772,2022,2022-06-24,MN,2,0,0,46.86,-95.69,46.7278,-95.0659,600
773,2022,2022-03-06,AR,0,0,0,36.407,-90.394,36.477,-90.319,50
774,2022,2022-11-30,MS,2,0,0,31.1649,-89.8896,31.1585,-89.7895,150
775,2022,2022-12-13,LA,1,0,0,31.0599,-92.5369,31.0927,-92.511,100
776,2022,2022-12-13,LA,1,0,0,31.1208,-92.4855,31.2095,-92.4185,150
777,2022,2022-12-14,LA,U,0,0,30.7663,-92.2172,30.7663,-92.2172,1
778,2022,2022-07-17,OH,0,3,0,39.545,-82.9335,39.5617,-82.8429,100
779,2022,2022-07-17,OH,0,0,0,39.5617,-82.8429,39.5679,-82.8257,50
780,2022,2022-08-08,FL,U,0,0,26.9,-82.01,26.9001,-82.0106,25
781,2022,2022-11-29,MS,2,0,0,31.8464,-89.2062,31.9586,-89.0584,330
782,2022,2022-11-29,MS,1,0,0,33.3312,-88.6363,33.3625,-88.6155,250
783,2022,2022-09-10,SC,0,0,0,32.875,-79.7514,32.8846,-79.7537,125
784,2022,2022-04-29,KS,U,0,0,38.073,-97.443,38.0733,-97.44,50
785,2022,2022-11-30,GA,0,0,0,31.22,-83.99,31.2205,-83.9896,25
786,2022,2022-05-30,MN,0,0,0,44.9783,-93.9716,44.991,-93.9673,400
787,2022,2022-06-13,OH,1,0,0,40.6266,-82.416,40.6061,-82.3376,100
788,2022,2022-08-29,KS,0,0,0,37.8666,-99.7894,37.8891,-99.776,30
789,2022,2022-11-30,GA,U,0,0,31.23,-83.89,31.23,-83.89,25
790,2022,2022-05-30,MN,1,0,0,44.7379,-94.0892,44.8885,-94.0098,400
791,2022,2022-05-17,NE,U,0,0,40.16,-100.13,40.16,-100.13,20
792,2022,2022-03-30,MS,1,1,0,34.211,-89.945,34.358,-89.724,200
793,2022,2022-06-07,NE,0,0,0,40.1546,-97.8859,40.104,-97.821,25
794,2022,2022-06-07,NE,0,0,0,40.104,-97.821,40.0583,-97.7599,25
795,2022,2022-12-14,LA,2,16,0,29.9533,-91.8382,30.0009,-91.7708,300
796,2022,2022-12-14,LA,U,0,0,29.9523,-91.8281,29.955,-91.8267,10
797,2022,2022-12-15,LA,1,0,0,30.112,-91.639,30.113,-91.638,50
798,2022,2022-05-30,MN,1,0,0,46.497,-94.7791,46.499,-94.7694,50
799,2022,2022-11-30,AL,1,0,0,31.1386,-85.5845,31.1258,-85.5582,50
800,2022,2022-11-04,AR,1,0,0,35.829,-94.054,35.901,-93.98,1000
801,2022,2022-08-27,MN,0,0,0,44.7636,-93.2156,44.7684,-93.2124,100
802,2022,2022-08-27,MN,0,0,0,44.9018,-93.07,44.9052,-93.0677,50
803,2022,2022-08-27,MN,0,0,0,44.8248,-93.1569,44.8313,-93.1447,150
804,2022,2022-04-29,KS,3,1,0,37.653,-97.153,37.783,-97.082,250
805,2022,2022-05-26,IN,U,0,0,40.1045,-87.0659,40.1087,-87.064,10
806,2022,2022-05-12,SD,1,0,0,45.2177,-96.7813,45.2363,-96.7772,10
807,2022,2022-05-12,SD,0,0,0,45.783,-96.9281,45.7868,-96.9241,10
808,2022,2022-05-30,SD,1,0,0,45.1068,-96.5618,45.1709,-96.5582,20
809,2022,2022-05-30,SD,U,0,0,44.255,-97.1014,44.2688,-97.073,50
810,2022,2022-05-12,SD,1,0,0,45.0011,-97.5774,45.0071,-97.572,20
811,2022,2022-08-08,TX,0,0,0,35.87,-101.94,35.89,-101.94,40
812,2022,2022-05-30,SD,3,0,0,44.7958,-96.8255,44.9467,-96.6776,100
813,2022,2022-03-30,MS,1,0,0,34.0492,-89.3786,34.1289,-89.2863,100
814,2022,2022-11-29,LA,U,0,0,32.2898,-91.3668,32.2954,-91.3489,10
815,2022,2022-05-12,MN,2,0,0,46.3688,-95.0426,46.5995,-94.9068,500
816,2022,2022-03-30,TN,1,0,0,35.937,-88.516,36.02,-88.39,150
817,2022,2022-05-30,SD,1,0,0,44.9994,-96.7118,45.1133,-96.5795,40
818,2022,2022-08-20,IN,0,0,0,40.2224,-84.9967,40.2356,-84.9693,20
819,2022,2022-05-21,IN,0,0,0,39.2795,-86.1359,39.2803,-86.1303,25
820,2022,2022-05-30,MN,U,0,0,43.799,-96.4448,43.8054,-96.4335,20
821,2022,2022-05-12,SD,2,1,0,44.7733,-96.4598,44.7777,-96.4536,60
822,2022,2022-05-07,SD,0,0,0,45.6,-98.31,45.6,-98.31,10
823,2022,2022-05-12,SD,1,0,0,45.0048,-97.1902,45.0074,-97.1917,50
824,2022,2022-03-30,AL,1,0,0,31.6641,-87.7298,31.665,-87.7274,75
825,2022,2022-05-30,SD,1,0,0,44.7731,-96.7557,44.7788,-96.7526,20
826,2022,2022-08-22,TX,1,0,0,32.4873,-95.1918,32.5341,-95.1582,200
827,2022,2022-05-30,MN,U,0,0,43.9254,-96.3048,43.9263,-96.2973,20
828,2022,2022-05-12,MN,1,0,0,45.95,-96.26,45.9895,-96.2375,50
829,2022,2022-05-12,ND,1,0,0,45.96,-96.72,46.0076,-96.7023,150
830,2022,2022-03-30,MS,2,0,0,31.098,-88.841,31.1127,-88.8196,250
831,2022,2022-03-30,AL,0,0,0,30.4668,-87.9152,30.4712,-87.9075,50
832,2022,2022-08-15,ND,2,0,0,47.7564,-100.9677,47.726,-100.949,100
833,2022,2022-04-29,KS,0,0,0,38.3475,-97.3368,38.3477,-97.3354,30
834,2022,2022-05-12,MN,2,0,0,46.0263,-96.483,46.1464,-96.3752,100
835,2022,2022-05-12,MN,1,0,0,46.26,-95.75,46.308,-95.7208,100
836,2022,2022-03-22,MS,1,0,0,33.68,-88.546,33.755,-88.49,500
837,2022,2022-03-30,AL,0,0,0,30.6353,-87.6288,30.6527,-87.6187,30
838,2022,2022-05-30,MN,2,0,0,46.3684,-94.8657,46.497,-94.7791,450
839,2022,2022-05-12,SD,1,1,0,44.7388,-97.2897,44.7458,-97.2938,20
840,2022,2022-05-07,SD,0,0,0,45.43,-98.52,45.43,-98.52,10
841,2022,2022-05-12,SD,1,0,0,44.8841,-96.652,44.8875,-96.6527,50
842,2022,2022-05-12,SD,0,0,0,44.8322,-97.5491,44.8366,-97.5509,10
843,2022,2022-11-29,MS,0,0,0,31.4341,-89.8054,31.445,-89.7791,70
844,2022,2022-05-19,IN,1,0,0,38.417,-87.732,38.609,-87.4,300
845,2022,2022-03-22,AL,2,0,0,32.1601,-88.4028,32.1939,-88.3901,300
846,2022,2022-05-07,SD,0,0,0,45.43,-98.6,45.43,-98.6,10
847,2022,2022-06-12,SD,2,0,0,43.9379,-100.83,43.9658,-100.7621,80
848,2022,2022-05-12,SD,1,0,0,45.2348,-97.4948,45.2364,-97.4956,35
849,2022,2022-05-21,IN,1,0,0,39.388,-85.951,39.45,-85.705,100
850,2022,2022-11-29,MS,2,0,0,33.5832,-88.4231,33.6137,-88.2838,1100
851,2022,2022-03-30,AL,1,0,0,31.9996,-88.0926,32.0045,-88.0862,150
852,2022,2022-03-30,MS,0,0,0,33.797,-88.5221,33.8648,-88.4163,150
853,2022,2022-08-01,MI,0,0,0,43.409,-83.389,43.412,-83.382,100
854,2022,2022-05-30,SD,2,0,0,44.6822,-96.8239,44.8236,-96.6808,150
855,2022,2022-03-30,TN,1,0,0,35.791,-88.723,35.8171,-88.7093,250
856,2022,2022-04-29,KS,1,0,0,38.4493,-97.2048,38.4512,-97.1882,50
857,2022,2022-05-21,IN,0,0,0,39.3524,-86.0329,39.353,-86.0313,25
858,2022,2022-01-03,NC,0,0,0,35.3957,-78.6977,35.3895,-78.7094,75
859,2022,2022-05-12,MN,0,0,0,46.3123,-95.5963,46.3234,-95.5856,50
860,2022,2022-05-30,MN,1,0,0,46.5795,-95.5402,46.6512,-95.4955,300
861,2022,2022-03-30,AL,0,0,0,30.701,-88.411,30.7131,-88.4033,50
862,2022,2022-03-30,TN,1,0,0,35.7456,-88.7898,35.791,-88.723,250
863,2022,2022-05-12,SD,0,0,0,44.99,-97.9055,44.99,-97.9055,10
864,2022,2022-03-09,AL,1,0,0,31.4245,-87.0796,31.4261,-87.0769,150
865,2022,2022-03-18,FL,1,0,0,30.6823,-86.7515,30.6903,-86.728,50
866,2022,2022-05-30,SD,U,0,0,43.781,-97.2186,43.7927,-97.2148,25
867,2022,2022-05-09,WI,0,0,0,44.4702,-92.2518,44.4825,-92.2336,25
868,2022,2022-03-22,AL,1,0,0,31.9457,-88.2364,31.948,-88.2347,130
869,2022,2022-03-22,AL,1,0,0,30.4798,-87.7198,30.5613,-87.7067,30
870,2022,2022-04-22,SD,U,0,0,44.444,-98.5351,44.4453,-98.5347,25
871,2022,2022-03-30,AL,1,0,0,32.002,-87.302,32.0063,-87.2899,170
872,2022,2022-05-12,SD,1,0,0,45.0884,-96.4798,45.0919,-96.4697,20
873,2022,2022-06-12,WY,2,0,0,43.5884,-110.5228,43.5971,-110.482,360
874,2022,2022-04-29,KS,1,0,0,37.84,-96.41,37.8398,-96.4096,60
875,2022,2022-05-30,MN,1,0,0,45.2984,-96.1441,45.3328,-96.1405,30
876,2022,2022-03-30,MS,1,0,0,31.6558,-88.71,31.6561,-88.702,50
877,2022,2022-04-29,KS,2,2,0,37.6262,-97.193,37.653,-97.153,250
878,2022,2022-03-30,MS,1,0,0,31.6648,-88.542,31.6681,-88.5396,50
879,2022,2022-03-30,AL,0,0,0,30.7528,-88.315,30.758,-88.3076,20
880,2022,2022-03-30,MS,2,0,0,31.0954,-88.8476,31.098,-88.841,250
881,2022,2022-05-12,SD,1,0,0,44.8163,-96.4886,44.8446,-96.476,10
882,2022,2022-06-12,SD,U,0,0,44.07,-99.78,44.072,-99.776,10
883,2022,2022-03-30,AL,0,0,0,30.7246,-88.2514,30.7347,-88.2489,30
884,2022,2022-05-30,SD,U,0,0,42.7732,-97.9556,42.8354,-97.8939,50
885,2022,2022-05-30,MN,2,0,0,45.88,-96.0,45.9686,-95.9364,350
886,2022,2022-05-30,MN,2,0,0,45.96,-96.12,46.0565,-95.9374,400
887,2022,2022-03-30,MS,1,0,0,31.6636,-88.6886,31.6662,-88.6866,50
888,2022,2022-03-30,MS,1,0,0,31.6797,-88.6714,31.6914,-88.6425,30
889,2022,2022-05-12,SD,2,1,0,44.717,-97.0279,44.7454,-97.0286,80
890,2022,2022-03-30,AL,1,0,0,30.557,-88.1414,30.5915,-88.1104,30
891,2022,2022-08-20,IL,U,0,0,41.21,-90.74,41.23,-90.69,10
892,2022,2022-08-20,IL,U,0,0,41.1993,-90.939,41.2004,-90.9341,10
893,2022,2022-08-20,IA,U,0,0,42.178,-91.1102,42.179,-91.1075,10
894,2022,2022-11-29,MS,1,0,0,33.198,-89.144,33.2066,-89.1403,50
895,2022,2022-11-29,MS,1,0,0,33.1509,-89.1935,33.198,-89.144,300
896,2022,2022-08-15,ND,U,0,0,47.84,-100.85,47.8349,-100.8492,25
897,2022,2022-08-15,ND,1,0,0,47.81,-100.93,47.7791,-100.9152,100
898,2022,2022-03-30,MS,0,0,0,30.9849,-89.1382,31.0091,-89.0884,280
899,2022,2022-11-29,MS,0,0,0,31.4257,-89.8311,31.4288,-89.8242,70
900,2022,2022-11-29,MS,0,0,0,31.4288,-89.8242,31.4341,-89.8054,70
901,2022,2022-05-12,SD,2,0,0,44.5731,-96.8389,44.5786,-96.8342,40
902,2022,2022-05-30,SD,0,0,0,44.6316,-96.9869,44.637,-96.9761,10
903,2022,2022-08-04,MD,1,1,0,37.9695,-76.0467,38.0,-76.03,100
904,2022,2022-07-22,TX,0,0,0,29.839,-93.938,29.8505,-93.9585,10
905,2022,2022-07-07,CO,1,0,0,40.2444,-103.6884,40.2444,-103.6884,50
906,2022,2022-05-30,IA,0,0,0,43.2737,-96.233,43.2795,-96.2259,60
907,2022,2022-06-20,SD,1,0,0,44.45,-97.897,44.452,-97.887,50
908,2022,2022-07-26,CO,U,0,0,39.5484,-102.4473,39.5436,-102.4604,50
909,2022,2022-07-26,CO,U,0,0,39.4036,-102.5508,39.3971,-102.5465,75
910,2022,2022-03-30,TN,1,0,0,35.57,-88.948,35.639,-88.823,175
911,2022,2022-07-12,WV,0,0,0,39.2504,-78.8375,39.2502,-78.8304,30
912,2022,2022-07-28,CT,0,0,0,41.9281,-73.2078,41.9651,-73.1194,300
913,2022,2022-07-26,CO,U,0,0,39.3819,-102.6258,39.3605,-102.6375,100
914,2022,2022-11-30,MS,1,0,0,31.3351,-88.5049,31.339,-88.444,500
915,2022,2022-05-11,MN,U,0,0,43.9671,-95.2985,43.9676,-95.2977,25
916,2022,2022-07-18,VT,1,0,0,44.0828,-73.3069,44.0939,-73.2966,50
917,2022,2022-05-11,MN,1,0,0,44.0338,-95.3368,44.0411,-95.3223,50
918,2022,2022-05-11,MN,U,0,0,44.0792,-94.9709,44.0796,-94.9703,25
919,2022,2022-07-23,IL,0,0,0,41.726,-88.2207,41.7251,-88.2195,150
920,2022,2022-07-11,MI,0,0,0,42.8425,-83.7125,42.838,-83.6875,40
921,2022,2022-07-11,MI,0,0,0,42.838,-83.6875,42.8088,-83.5733,40
922,2022,2022-07-13,NY,1,0,0,41.9318,-74.0532,41.9268,-74.0456,300
923,2022,2022-07-18,NY,U,0,0,41.9,-73.96,41.9,-73.96,10
924,2022,2022-11-30,AL,3,0,0,31.339,-88.444,31.3714,-88.1853,500
925,2022,2022-07-23,IL,0,0,0,41.7251,-88.2195,41.6679,-88.1862,150
926,2022,2022-07-22,FL,0,0,0,28.9976,-81.9427,29.0162,-81.936,50
927,2022,2022-05-30,SD,1,0,0,44.2771,-96.9578,44.2785,-96.9418,50
928,2022,2022-07-22,KS,U,0,0,39.255,-101.3454,39.2614,-101.3135,50
929,2022,2022-07-09,SC,0,0,0,32.4898,-80.3151,32.4903,-80.3151,25
930,2022,2022-07-06,CO,U,0,0,40.9,-104.1,40.9,-104.1,50
931,2022,2022-07-07,CO,1,0,0,40.3066,-103.7356,40.2976,-103.7351,100
932,2022,2022-07-07,CO,0,0,0,40.2972,-103.6958,40.2972,-103.6958,50
933,2022,2022-07-07,CO,0,0,0,40.2464,-103.7129,40.2464,-103.7129,50
934,2022,2022-07-07,CO,0,0,0,40.2473,-103.6698,40.2473,-103.6698,50
935,2022,2022-07-29,CO,U,0,0,39.74,-104.74,39.74,-104.74,50
936,2022,2022-05-12,IA,U,0,0,42.3592,-96.3417,42.3602,-96.3411,50
937,2022,2022-07-29,CO,U,0,0,39.84,-104.82,39.84,-104.82,50
938,2022,2022-06-12,SD,2,0,0,43.8954,-100.9405,43.8942,-100.931,30
939,2022,2022-07-22,KS,U,0,0,39.4641,-101.3377,39.4698,-101.3222,50
940,2022,2022-07-22,KS,U,0,0,39.4854,-101.3282,39.4921,-101.3097,50
941,2022,2022-05-30,SD,1,0,0,43.5161,-96.751,43.5169,-96.741,50
942,2022,2022-07-05,MD,1,0,0,38.972,-76.746,38.97,-76.732,125
943,2022,2022-08-01,PA,2,0,0,40.017,-80.519,40.012,-80.51,350
944,2022,2022-08-01,WV,2,0,0,40.027,-80.537,40.017,-80.519,350
945,2022,2022-07-23,IL,0,0,0,41.6027,-88.1133,41.5468,-88.0968,200
946,2022,2022-07-18,MT,2,0,0,48.85,-106.25,48.85,-106.25,457
947,2022,2022-07-05,VA,0,0,0,37.731,-76.6,37.639,-76.425,75
948,2022,2022-05-30,SD,1,0,0,43.5868,-96.5389,43.5853,-96.5284,50
949,2022,2022-05-30,MN,0,0,0,43.5719,-95.9786,43.5717,-95.9607,50
950,2022,2022-07-23,IL,0,0,0,41.4563,-88.0035,41.4463,-88.002,150
951,2022,2022-07-19,MN,0,0,0,48.8626,-96.7817,48.8833,-96.7682,40
952,2022,2022-07-26,CO,0,0,0,39.3067,-102.7587,39.2916,-102.8163,100
953,2022,2022-07-22,KS,U,0,0,39.2506,-101.2953,39.2558,-101.2832,50
954,2022,2022-07-22,KS,U,0,0,39.2382,-101.3798,39.2334,-101.378,50
955,2022,2022-07-22,KS,U,0,0,39.2388,-101.3865,39.2409,-101.3892,50
956,2022,2022-07-20,OH,1,0,0,40.67,-82.0292,40.6673,-81.9929,100
957,2022,2022-07-20,OH,1,0,0,40.6673,-81.9929,40.6668,-81.9867,100
958,2022,2022-07-28,OK,1,0,0,36.056,-95.779,36.0588,-95.7617,700
959,2022,2022-11-05,IL,0,0,0,41.7172,-88.5733,41.72,-88.572,100
960,2022,2022-11-04,OK,1,0,0,33.912,-96.458,33.948,-96.425,40
961,2022,2022-11-04,TX,2,0,0,33.0072,-95.7297,33.0397,-95.698,160
962,2022,2022-11-04,TX,1,0,0,32.9545,-95.7928,32.98,-95.764,150
963,2022,2022-07-22,ND,0,0,0,47.56,-97.76,47.5557,-97.7414,150
964,2022,2022-07-18,NH,1,0,0,42.9244,-72.4543,42.929,-72.451,250
965,2022,2022-11-04,OK,1,0,0,34.871,-94.589,34.945,-94.519,900
966,2022,2022-07-07,IA,U,0,0,42.4824,-93.1664,42.4829,-93.16,20
967,2022,2022-12-13,TX,2,0,0,32.366,-94.173,32.4211,-94.0992,460
968,2022,2022-11-29,AL,U,0,0,32.877,-87.822,32.88,-87.815,475
969,2022,2022-11-29,AL,U,0,0,32.88,-87.815,32.883,-87.81,450
970,2022,2022-11-04,OK,2,1,1,34.3908,-94.9909,34.4237,-94.9612,800
971,2022,2022-07-22,ND,1,0,0,47.71,-97.46,47.7003,-97.4391,150
972,2022,2022-11-04,OK,1,0,0,34.5065,-94.907,34.598,-94.843,1600
973,2022,2022-11-05,IL,0,0,0,41.72,-88.572,41.7674,-88.5499,100
974,2022,2022-11-04,TX,1,0,0,32.98,-95.764,32.9988,-95.7388,150
975,2022,2022-11-29,AL,1,0,0,32.8445,-87.9401,32.877,-87.822,650
976,2022,2022-07-07,IA,U,0,0,41.8705,-94.951,41.8707,-94.944,20
977,2022,2022-07-05,IA,U,0,0,42.4764,-91.7577,42.4745,-91.7447,20
978,2022,2022-07-05,IA,U,0,0,42.6321,-92.0128,42.6301,-91.986,20
979,2022,2022-07-11,MN,1,0,0,46.3647,-92.4202,46.3358,-92.3335,75
980,2022,2022-11-04,TX,4,10,0,33.5995,-95.749,33.888,-95.4637,1350
981,2022,2022-11-04,TX,2,0,0,32.108,-96.0044,32.2438,-95.8046,150
982,2022,2022-11-29,AL,1,0,0,32.883,-87.81,32.9362,-87.627,1200
983,2022,2022-11-30,AL,0,0,0,33.9149,-86.6725,33.9156,-86.6126,500
984,2022,2022-07-23,IA,1,0,0,43.2628,-91.5287,43.2454,-91.5121,90
985,2022,2022-07-31,MN,0,0,0,43.7162,-93.6339,43.7108,-93.6285,25
986,2022,2022-11-30,AL,0,0,0,33.6237,-87.383,33.6122,-87.3514,50
987,2022,2022-11-30,AL,1,0,0,32.0608,-87.9057,32.1638,-87.6753,535
988,2022,2022-07-23,WI,0,0,0,43.8689,-91.1746,43.8526,-91.1301,40
989,2022,2022-05-06,KY,1,2,0,36.965,-84.6075,36.9923,-84.5627,100
990,2022,2022-11-30,AL,0,0,0,32.4385,-86.3318,32.44,-86.323,360
991,2022,2022-11-30,AL,2,0,0,32.4892,-86.0017,32.5071,-85.8966,400
992,2022,2022-07-05,IA,0,0,0,43.4147,-94.8919,43.4126,-94.8596,80
993,2022,2022-11-30,AL,0,0,0,31.8216,-85.7711,31.8181,-85.7474,150
994,2022,2022-11-30,AL,0,0,0,31.6823,-85.7535,31.6881,-85.742,150
995,2022,2022-11-30,AL,0,0,0,33.6806,-86.064,33.6878,-86.0539,300
996,2022,2022-11-30,AL,0,2,2,32.44,-86.323,32.464,-86.21,650
997,2022,2022-10-24,OR,0,0,0,45.1607,-122.9069,45.1607,-122.9055,17
998,2022,2022-11-04,AR,1,0,0,34.8638,-93.6553,34.9001,-93.6071,600
999,2022,2022-11-04,AR,2,0,0,34.2297,-93.6332,34.2476,-93.6141,75
1000,2022,2022-11-04,AR,1,0,0,35.0074,-93.3366,35.0363,-93.3161,100
1001,2022,2022-11-04,AR,1,0,0,34.268,-92.8255,34.2723,-92.8218,150
1002,2022,2022-11-30,AL,2,0,0,32.464,-86.21,32.4758,-86.1688,700
1003,2022,2022-11-30,AL,0,0,0,31.7385,-85.4857,31.7409,-85.3736,300
1004,2022,2022-09-30,NC,U,0,0,35.3242,-76.7076,35.3325,-76.7147,12
1005,2022,2022-11-04,AR,2,0,0,34.5138,-92.4014,34.5267,-92.3778,200
1006,2022,2022-10-16,AZ,0,0,0,33.1997,-111.8819,33.1983,-111.8865,25
1007,2022,2022-10-22,OR,0,0,0,45.3753,-122.1413,45.3723,-122.1371,248
1008,2022,2022-11-04,AR,1,0,0,34.2862,-94.3135,34.3009,-94.2868,200
1009,2022,2022-11-04,AR,1,0,0,33.9722,-93.0618,34.0538,-92.9763,200
1010,2022,2022-06-20,SD,U,0,0,44.43,-97.858,44.431,-97.8532,20
1011,2022,2022-11-04,AR,1,0,0,35.4211,-93.8072,35.4218,-93.8041,1100
1012,2022,2022-10-03,AZ,1,0,0,35.36,-112.2108,35.3631,-112.199,30
1013,2022,2022-07-23,MN,0,0,0,43.8605,-91.8798,43.8561,-91.8554,30
1014,2022,2022-07-03,NE,1,0,0,40.8661,-98.3346,40.9,-98.28,200
1015,2022,2022-12-15,FL,0,0,0,27.07,-82.22,27.0724,-82.2132,100
1016,2022,2022-06-20,SD,1,0,0,44.431,-97.8532,44.437,-97.7849,50
1017,2022,2022-07-03,NE,1,0,0,40.9,-98.28,40.9665,-98.2099,200
1018,2022,2022-11-08,CA,0,0,0,38.33,-121.32,38.33,-121.32,400
1019,2022,2022-11-04,OK,1,0,0,34.4578,-94.9439,34.507,-94.907,900
1020,2022,2022-07-23,MN,0,0,0,43.7967,-91.6015,43.7949,-91.5171,40
1021,2022,2022-07-08,IL,U,0,0,40.5127,-90.6922,40.5124,-90.6771,20
1022,2022,2022-09-04,OH,0,0,0,41.021,-80.6559,41.022,-80.6555,15
1023,2022,2022-09-22,NM,U,0,0,36.24,-108.18,36.2407,-108.1784,20
1024,2022,2022-09-25,NY,0,0,0,40.9837,-72.5624,40.9968,-72.5266,75
1025,2022,2022-11-04,TX,1,0,0,32.9458,-94.8712,32.9701,-94.8461,350
1026,2022,2022-11-04,TX,4,7,0,33.5047,-95.2418,33.8055,-94.9175,1056
1027,2022,2022-11-29,LA,3,1,0,31.9743,-92.0655,32.0197,-91.9417,300
1028,2022,2022-11-04,TX,3,8,1,33.0218,-94.8157,33.18,-94.652,650
1029,2022,2022-09-18,IL,0,0,0,40.34,-88.77,40.32,-88.72,30
1030,2022,2022-11-04,TX,3,0,0,33.18,-94.652,33.2064,-94.6241,650
1031,2022,2022-11-04,AR,U,0,0,35.228,-94.099,35.23,-94.082,150
1032,2022,2022-11-04,TX,3,0,0,33.3163,-94.5625,33.506,-94.4142,800
1033,2022,2022-11-04,OK,2,1,0,33.888,-95.464,34.117,-95.296,1700
1034,2022,2022-11-04,AR,1,0,0,35.019,-94.272,35.097,-94.242,1000
1035,2022,2022-11-04,TX,2,0,0,32.9829,-94.645,33.1882,-94.4096,700
1036,2022,2022-11-04,AR,1,0,0,36.307,-93.489,36.391,-93.377,1100
1037,2022,2022-09-28,FL,0,0,0,28.083,-80.8669,28.1249,-80.8841,100
1038,2022,2022-11-04,AR,2,0,0,34.0178,-93.9763,34.0988,-93.873,200
1039,2022,2022-09-19,NY,1,0,0,42.575,-77.614,42.561,-77.583,150
1040,2022,2022-11-04,LA,0,0,0,32.3166,-93.9581,32.3179,-93.9365,70
1041,2022,2022-11-11,VA,0,0,0,37.95,-77.11,37.97,-77.11,150
1042,2022,2022-11-11,VA,0,0,0,37.97,-77.11,37.99,-77.1,150
1043,2022,2022-11-11,VA,0,0,0,36.93,-77.62,36.96,-77.615,50
1044,2022,2022-09-25,NY,1,0,0,42.1518,-75.1843,42.1548,-75.1398,150
1045,2022,2022-06-06,FL,0,0,0,27.5,-80.5,27.46,-80.47,75
1046,2022,2022-06-11,NE,1,0,0,40.02,-96.69,40.001,-96.673,150
1047,2022,2022-07-05,VA,1,0,0,36.61,-81.01,36.59,-80.98,150
1048,2022,2022-06-09,FL,0,0,0,27.3075,-80.3013,27.3042,-80.2772,200
1049,2022,2022-10-17,FL,0,0,0,27.57,-80.37,27.56,-80.36,100
1050,2022,2022-12-15,FL,0,0,0,28.4337,-82.462,28.4681,-82.3088,100
1051,2022,2022-08-01,IL,0,0,0,40.2497,-89.6847,40.2462,-89.6785,60
1052,2022,2022-05-02,OK,0,0,0,35.964,-98.151,35.977,-98.148,80
1053,2022,2022-05-02,OK,0,0,0,35.536,-98.592,35.547,-98.567,10
1054,2022,2022-12-13,OK,2,0,0,34.741,-97.746,34.743,-97.736,50
1055,2022,2022-06-30,FL,0,0,0,27.51,-80.38,27.51,-80.38,10
1056,2022,2022-03-05,IA,2,0,0,41.9024,-92.6332,41.9585,-92.4852,200
1057,2022,2022-05-02,OK,0,0,0,35.967,-98.163,35.975,-98.162,80
1058,2022,2022-04-17,MS,1,0,0,31.9613,-89.8453,31.9544,-89.8341,75
1059,2022,2022-03-05,IA,0,0,0,41.8624,-92.7148,41.8767,-92.6869,100
1060,2022,2022-08-01,IL,1,0,0,40.1441,-89.1966,40.1247,-89.1718,60
1061,2022,2022-12-15,FL,1,0,0,28.431,-82.4729,28.4338,-82.462,100
1062,2022,2022-07-28,NY,2,0,0,42.62,-78.33,42.65,-78.14,500
1063,2022,2022-04-13,MS,1,0,0,32.291,-89.729,32.2931,-89.6241,670
1064,2022,2022-04-13,MS,1,0,0,32.8454,-89.1077,32.93,-89.053,1400
1065,2022,2022-04-13,MS,1,0,0,32.932,-89.053,33.041,-88.814,1500
1066,2022,2022-04-13,MS,1,0,0,32.1753,-89.1721,32.18,-88.915,1500
1067,2022,2022-04-13,MS,0,0,0,32.7922,-89.3297,32.796,-89.32,225
1068,2022,2022-06-17,IL,1,0,0,38.7746,-88.2455,38.76,-88.17,60
1069,2022,2022-12-13,OK,U,0,0,35.158,-99.91,35.158,-99.91,40
1070,2022,2022-04-13,MS,1,0,0,32.796,-89.318,32.8715,-89.1729,400
1071,2022,2022-04-13,MS,2,0,0,32.18,-88.913,32.224,-88.7,1800
1072,2022,2022-06-23,KS,U,0,0,38.9,-98.66,38.9003,-98.6582,50
1073,2022,2022-06-23,KS,U,0,0,38.86,-98.58,38.8601,-98.5786,50
1074,2022,2022-06-23,KS,U,0,0,38.93,-98.39,38.93,-98.3894,50
1075,2022,2022-06-24,ND,U,0,0,47.5707,-99.8147,47.5735,-99.8114,25
1076,2022,2022-06-19,UT,2,0,0,39.882,-110.7445,39.9118,-110.7389,880
1077,2022,2022-07-06,CO,0,0,0,38.02,-103.46,38.0162,-103.4019,20
1078,2022,2022-06-23,KS,U,0,0,38.88,-98.23,38.8801,-98.2294,50
1079,2022,2022-06-23,KS,U,0,0,38.84,-97.87,38.8401,-97.8692,50
1080,2022,2022-06-23,KS,U,0,0,38.87,-97.91,38.8702,-97.9083,50
1081,2022,2022-07-28,OK,1,0,0,36.0588,-95.7617,36.07,-95.71,800
1082,2022,2022-06-15,WI,2,2,0,43.8935,-90.5149,44.061,-90.312,250
1083,2022,2022-06-11,OR,U,0,0,45.61,-118.91,45.61,-118.9095,15
1084,2022,2022-07-12,WV,0,0,0,39.1785,-78.6509,39.1783,-78.6462,50
1085,2022,2022-06-07,CO,U,0,0,40.95,-102.52,40.95,-102.52,50
1086,2022,2022-06-07,CO,U,0,0,40.96,-102.48,40.96,-102.48,50
1087,2022,2022-06-15,WI,1,0,0,43.7794,-90.0921,43.847,-89.957,100
1088,2022,2022-06-07,CO,U,0,0,40.74,-102.34,40.74,-102.34,50
1089,2022,2022-06-07,CO,U,0,0,40.53,-102.24,40.53,-102.24,50
1090,2022,2022-06-15,WI,1,0,0,43.5848,-90.5438,43.6248,-90.4504,200
1091,2022,2022-06-12,CO,U,0,0,39.9,-104.69,39.9,-104.69,50
1092,2022,2022-06-24,NE,U,0,0,40.1009,-101.5758,40.1113,-101.5391,50
1093,2022,2022-12-13,OK,2,0,0,34.91,-97.318,34.961,-97.282,300
1094,2022,2022-12-13,OK,1,0,0,34.961,-97.282,34.969,-97.271,100
1095,2022,2022-12-13,OK,0,0,0,34.938,-97.116,34.944,-97.11,30
1096,2022,2022-12-13,OK,1,0,0,34.511,-97.34,34.553,-97.287,100
1097,2022,2022-06-16,VA,0,0,0,38.02,-77.93,37.99,-77.92,75
1098,2022,2022-06-16,VA,1,0,0,37.91,-78.13,37.866,-78.089,150
1099,2022,2022-06-16,VA,1,0,0,37.866,-78.089,37.67,-77.88,150
1100,2022,2022-08-21,AZ,U,0,0,36.67,-113.64,36.67,-113.64,50
1101,2022,2022-06-16,VA,0,0,0,37.68,-77.946,37.64,-77.89,75
1102,2022,2022-06-16,VA,0,0,0,37.89,-78.18,37.823,-78.117,75
1103,2022,2022-06-04,KS,U,0,0,39.8011,-100.505,39.7739,-100.4535,75
1104,2022,2022-12-15,GA,2,0,0,31.3039,-83.9463,31.329,-83.9309,280
1105,2022,2022-06-13,SD,0,0,0,44.1219,-101.556,44.1219,-101.556,10
1106,2022,2022-06-16,VA,0,0,0,37.823,-78.117,37.68,-77.946,75
1107,2022,2022-07-18,VT,0,0,0,44.1319,-73.2723,44.1388,-73.2624,25
1108,2022,2022-07-05,MD,U,0,0,38.896,-76.599,38.895,-76.597,50
1109,2022,2022-04-13,MS,0,0,0,33.041,-88.812,33.0706,-88.7956,400
1110,2022,2022-04-13,MS,2,0,0,32.227,-88.7,32.2976,-88.4532,1400
1111,2022,2022-04-13,MS,1,0,0,32.2878,-89.792,32.291,-89.731,175
1112,2022,2022-06-08,IN,0,0,0,40.3409,-85.646,40.3362,-85.6371,25
1113,2022,2022-06-15,WI,1,0,0,45.2945,-88.013,45.3729,-87.9391,200
1114,2022,2022-06-15,WI,1,0,0,45.5032,-88.1329,45.5467,-87.9685,120
1115,2022,2022-06-25,AZ,0,0,0,34.72,-112.26,34.72,-112.26,10
1116,2022,2022-06-07,CO,U,0,0,38.2,-103.33,38.1561,-103.3017,25
1117,2022,2022-06-07,CO,U,0,0,37.97,-102.62,37.9189,-102.5224,20
1118,2022,2022-06-15,KS,0,0,0,38.1289,-96.1381,38.1239,-96.1336,100
1119,2022,2022-06-04,CO,U,0,0,38.9642,-102.4477,38.9559,-102.4398,50
1120,2022,2022-06-07,CO,U,0,0,37.61,-102.13,37.5243,-102.088,20
1121,2022,2022-06-07,CO,U,0,0,37.61,-102.26,37.5015,-102.2056,20
1122,2022,2022-06-13,OH,1,0,0,39.0942,-83.2835,39.0901,-83.249,200
1123,2022,2022-12-13,OK,1,0,0,34.523,-97.973,34.525,-97.968,50
1124,2022,2022-06-07,WY,1,0,0,42.6999,-104.2002,42.6626,-104.1344,225
1125,2022,2022-06-07,KS,1,0,0,39.9613,-97.4249,39.939,-97.375,75
1126,2022,2022-06-08,OH,1,0,0,39.3666,-82.6353,39.3591,-82.5681,300
1127,2022,2022-06-23,AZ,0,0,0,35.16,-111.27,35.16,-111.27,10
1128,2022,2022-06-08,OH,0,0,0,39.3263,-82.3178,39.3254,-82.3061,100
1129,2022,2022-06-16,SC,0,0,0,34.24,-80.02,34.22,-79.96,25
1130,2022,2022-06-03,CO,U,0,0,39.9704,-102.5017,39.9542,-102.4362,50
1131,2022,2022-06-03,CO,U,0,0,39.6219,-102.2559,39.6159,-102.2463,50
1132,2022,2022-06-08,OH,1,0,0,39.9384,-84.4772,39.9372,-84.431,125
1133,2022,2022-06-08,OH,1,0,0,39.9734,-83.9863,39.9598,-83.6673,200
1134,2022,2022-06-11,FL,0,0,0,26.89,-82.29,26.8907,-82.2895,25
1135,2022,2022-06-08,OH,1,0,0,39.3316,-82.3533,39.3345,-82.3464,200
1136,2022,2022-06-08,IN,1,0,0,39.6405,-85.6188,39.6583,-85.4388,100
1137,2022,2022-06-21,KS,0,0,0,37.5099,-99.9904,37.5136,-99.9898,20
1138,2022,2022-06-17,NC,0,0,0,34.71,-78.84,34.7,-78.84,30
1139,2022,2022-06-08,OH,0,0,0,40.17,-83.7498,40.1768,-83.6424,150
1140,2022,2022-06-03,CO,U,0,0,39.9916,-102.3526,39.9955,-102.3087,50
1141,2022,2022-06-15,WI,1,0,0,44.1799,-89.0045,44.2351,-88.9511,100
1142,2022,2022-06-15,WI,1,0,0,44.8141,-89.1262,44.908,-88.9879,125
1143,2022,2022-06-15,WI,1,0,0,44.9245,-88.9435,44.9289,-88.9333,50
1144,2022,2022-06-15,WI,1,0,0,44.4673,-88.94,44.4923,-88.888,120
1145,2022,2022-06-15,WI,1,0,0,44.5712,-88.5323,44.59,-88.512,80
1146,2022,2022-06-15,WI,1,0,0,44.59,-88.512,44.6645,-88.4288,80
1147,2022,2022-06-15,WI,0,0,0,44.4449,-88.4702,44.5078,-88.304,400
1148,2022,2022-06-15,WI,2,0,0,45.391,-88.2852,45.4083,-88.256,375
1149,2022,2022-06-15,WI,1,0,0,45.6787,-87.7955,45.6821,-87.783,115
1150,2022,2022-06-11,KS,1,0,0,39.9212,-96.597,39.84,-96.649,30
1151,2022,2022-06-13,IL,0,0,0,42.0016,-88.0813,41.9909,-88.0744,25
1152,2022,2022-06-08,OH,0,0,0,39.0044,-83.8102,39.0122,-83.7723,80
1153,2022,2022-06-08,OH,2,0,0,39.3748,-82.7371,39.3666,-82.6353,700
1154,2022,2022-06-03,CO,U,0,0,38.11,-102.96,38.1016,-102.8591,20
1155,2022,2022-06-03,CO,U,0,0,38.01,-103.4,37.9997,-103.3042,20
1156,2022,2022-06-09,NJ,1,0,0,39.7877,-75.0265,39.7904,-75.0232,60
1157,2022,2022-06-13,IL,0,0,0,42.0459,-88.1784,42.0432,-88.1774,30
1158,2022,2022-06-13,IL,0,0,0,41.9909,-88.0744,41.9747,-88.0606,25
1159,2022,2022-06-08,OH,2,0,0,39.9692,-84.362,39.9922,-84.104,150
1160,2022,2022-06-09,KS,U,0,0,39.1788,-99.7945,39.1591,-99.7926,100
1161,2022,2022-06-15,WI,2,0,0,44.061,-90.312,44.1163,-90.1818,250
1162,2022,2022-06-03,CO,0,0,0,38.15,-103.16,38.1237,-103.0907,5
1163,2022,2022-06-07,NM,0,0,0,35.83,-104.47,35.8285,-104.4672,10
1164,2022,2022-06-26,MS,1,0,0,31.5617,-90.3956,31.5308,-90.4107,300
1165,2022,2022-04-29,KS,0,0,0,38.364,-97.2239,38.3643,-97.2209,30
1166,2022,2022-05-04,OK,U,0,0,35.16,-96.79,35.17,-96.78,100
1167,2022,2022-11-29,LA,U,0,0,32.3972,-91.0795,32.4001,-91.0735,10
1168,2022,2022-05-11,MN,0,0,0,43.9483,-95.4623,43.9517,-95.4582,50
1169,2022,2022-05-04,OK,1,0,0,35.204,-96.943,35.213,-96.904,100
1170,2022,2022-09-13,AZ,0,0,0,36.84,-109.85,36.9513,-109.839,10
1171,2022,2022-03-30,FL,1,2,0,30.52,-87.1429,30.5653,-87.06,100
1172,2022,2022-05-27,NE,U,0,0,40.7,-101.65,40.7,-101.65,10
1173,2022,2022-06-06,NE,U,0,0,42.92,-101.92,42.92,-101.92,10
1174,2022,2022-05-16,NE,U,0,0,40.9,-101.79,40.9,-101.79,10
1175,2022,2022-05-16,NE,U,0,0,41.06,-102.07,41.06,-102.07,10
1176,2022,2022-06-05,NE,U,0,0,42.68,-102.69,42.68,-102.69,10
1177,2022,2022-04-29,KS,1,0,0,38.6011,-97.1507,38.6087,-97.138,30
1178,2022,2022-05-30,IA,1,0,0,43.4479,-96.2736,43.4688,-96.2506,100
1179,2022,2022-05-04,OK,1,0,0,35.302,-96.499,35.351,-96.441,700
1180,2022,2022-03-30,MS,1,0,0,33.902,-90.8206,34.0005,-90.7499,450
1181,2022,2022-03-30,MS,1,1,0,33.7434,-90.7231,33.7502,-90.7086,75
1182,2022,2022-03-30,MS,2,2,0,33.1008,-88.4691,33.2105,-88.3316,400
1183,2022,2022-03-22,MS,0,0,0,32.5338,-89.5993,32.5394,-89.5731,100
1184,2022,2022-03-22,MS,2,0,0,32.366,-90.6169,32.3633,-90.4841,500
1185,2022,2022-03-22,MS,1,0,0,32.313,-90.704,32.35,-90.56,100
1186,2022,2022-03-22,MS,1,0,0,32.3848,-90.4129,32.3942,-90.3569,300
1187,2022,2022-04-13,MS,1,0,0,32.464,-90.964,32.461,-90.861,1320
1188,2022,2022-07-06,MT,0,0,0,47.0981,-110.2759,47.0946,-110.2496,50
1189,2022,2022-03-22,MS,1,0,0,31.9095,-88.6071,31.9523,-88.5699,100
1190,2022,2022-08-01,PA,0,0,0,39.9206,-80.3382,39.9093,-80.3212,150
1191,2022,2022-08-26,MT,0,0,0,48.3058,-108.9603,48.3254,-108.9005,50
1192,2022,2022-03-22,MS,1,0,0,33.57,-88.6414,33.68,-88.55,650
1193,2022,2022-03-22,MS,1,0,0,32.528,-90.45,32.5562,-90.3455,800
1194,2022,2022-03-22,MS,1,0,0,32.5676,-90.3164,32.5717,-90.2724,350
1195,2022,2022-05-04,OK,2,0,0,35.257,-96.796,35.264,-96.795,150
1196,2022,2022-05-04,OK,U,0,0,34.9035,-98.993,34.9035,-98.993,20
1197,2022,2022-05-04,OK,1,0,0,35.326,-96.509,35.344,-96.487,150
1198,2022,2022-03-22,MS,1,0,0,32.28,-90.8,32.313,-90.704,350
1199,2022,2022-03-22,MS,1,0,0,32.8692,-90.2486,32.8705,-90.2246,550
1200,2022,2022-03-22,MS,1,0,0,32.4212,-90.2125,32.4504,-90.1341,250
1201,2022,2022-03-30,LA,2,0,0,32.3938,-91.1901,32.447,-91.076,300
1202,2022,2022-03-22,MS,1,0,0,32.517,-90.45,32.5174,-90.4488,50
1203,2022,2022-03-22,MS,2,0,0,32.4839,-90.5914,32.517,-90.45,880
1204,2022,2022-05-04,OK,1,0,0,35.261,-96.793,35.255,-96.777,175
1205,2022,2022-05-05,OK,0,0,0,34.012,-96.417,34.012,-96.417,10
1206,2022,2022-03-22,LA,1,0,0,32.398,-91.05,32.385,-90.999,100
1207,2022,2022-03-30,MS,2,0,0,32.8799,-89.5716,32.931,-89.512,1200
1208,2022,2022-03-30,MS,0,0,0,31.145,-89.4044,31.201,-89.349,25
1209,2022,2022-05-04,OK,0,0,0,35.128,-96.855,35.153,-96.779,100
1210,2022,2022-05-04,OK,0,0,0,35.284,-96.612,35.306,-96.589,175
1211,2022,2022-05-31,OK,1,0,0,34.296,-98.918,34.315,-98.84,100
1212,2022,2022-05-04,OK,U,0,0,34.2488,-98.8319,34.2591,-98.8195,50
1213,2022,2022-03-22,MS,1,0,0,32.5176,-90.4939,32.528,-90.45,800
1214,2022,2022-03-22,MS,1,0,0,32.9109,-90.0413,32.98,-89.887,700
1215,2022,2022-03-22,MS,1,0,0,33.119,-90.1513,33.1829,-90.048,700
1216,2022,2022-03-22,MS,0,0,0,31.958,-90.4496,31.9616,-90.3667,100
1217,2022,2022-05-04,TX,3,0,0,33.962,-99.476,34.127,-99.377,600
1218,2022,2022-05-04,OK,0,0,0,35.255,-96.777,35.261,-96.715,150
1219,2022,2022-03-22,MS,1,0,0,32.98,-89.887,33.0178,-89.8333,100
1220,2022,2022-03-22,MS,0,0,0,32.4756,-90.813,32.4799,-90.7946,50
1221,2022,2022-03-22,MS,U,0,0,32.6211,-90.5901,32.6272,-90.5799,50
1222,2022,2022-03-22,MS,1,0,0,32.7092,-90.1494,32.7593,-90.0542,200
1223,2022,2022-04-13,MS,1,0,0,32.4644,-90.9808,32.464,-90.964,1320
1224,2022,2022-03-30,MS,1,0,0,32.543,-89.9943,32.562,-89.9068,350
1225,2022,2022-03-30,MS,0,0,0,32.2233,-88.7066,32.225,-88.705,25
1226,2022,2022-03-22,MS,1,0,0,32.6583,-90.3375,32.66,-90.263,600
1227,2022,2022-03-22,MS,U,0,0,32.66,-90.263,32.66,-90.246,50
1228,2022,2022-06-14,IA,0,0,0,41.19,-95.61,41.19,-95.56,75
1229,2022,2022-03-30,MS,1,0,0,32.4563,-90.6253,32.465,-90.6,50
1230,2022,2022-03-30,MS,1,0,0,32.3336,-90.2051,32.341,-90.117,200
1231,2022,2022-03-22,MS,U,0,0,32.385,-90.999,32.39,-90.94,50
1232,2022,2022-03-22,MS,0,0,0,32.48,-91.0,32.48,-90.99,50
1233,2022,2022-03-22,MS,U,0,0,32.66,-90.246,32.66,-90.245,50
1234,2022,2022-03-22,MS,1,0,0,33.026,-89.7981,33.0314,-89.7725,100
1235,2022,2022-06-11,NE,U,0,0,40.14,-96.61,40.14,-96.61,20
1236,2022,2022-03-30,MS,1,1,0,33.2742,-90.2428,33.332,-90.17,1700
1237,2022,2022-05-04,TX,0,0,0,33.87,-99.9,33.9,-99.748,100
1238,2022,2022-05-04,TX,0,0,0,33.935,-99.616,33.962,-99.476,200
1239,2022,2022-04-13,MS,1,0,0,32.461,-90.861,32.4626,-90.8085,1320
1240,2022,2022-08-24,MS,0,0,0,31.33,-89.41,31.3301,-89.4096,25
1241,2022,2022-11-26,LA,1,0,0,29.8714,-90.4417,29.88,-90.4357,200
1242,2022,2022-08-23,TX,U,0,0,27.67,-97.85,27.67,-97.85,20
1243,2022,2022-04-05,MS,0,0,0,32.2828,-88.5065,32.2911,-88.4651,25
1244,2022,2022-04-13,MS,1,0,0,33.2864,-88.781,33.3033,-88.7509,75
1245,2022,2022-04-13,MS,1,0,0,33.3793,-88.7226,33.39,-88.672,150
1246,2022,2022-04-30,IL,0,0,0,41.8215,-87.9751,41.837,-87.9453,60
1247,2022,2022-09-27,FL,2,2,0,26.3705,-80.1054,26.464,-80.1487,200
1248,2022,2022-04-17,MS,1,0,0,31.9613,-89.8453,31.9544,-89.8341,75
1249,2022,2022-04-05,MS,1,0,0,31.6657,-89.8662,31.6721,-89.8154,100
1250,2022,2022-04-05,MS,1,0,0,32.2996,-89.3324,32.3,-89.324,100
1251,2022,2022-04-05,MS,0,0,0,32.3,-89.322,32.3029,-89.2939,100
1252,2022,2022-09-27,FL,1,0,0,25.9952,-80.2386,26.0665,-80.2856,150
1253,2022,2022-04-13,MS,1,0,0,32.3226,-89.4313,32.3293,-89.3924,200
1254,2022,2022-04-13,MS,1,0,0,33.2324,-88.8657,33.261,-88.8132,150
1255,2022,2022-04-13,MS,1,0,0,33.2636,-88.8424,33.272,-88.8131,700
1256,2022,2022-04-05,MS,1,0,0,31.5631,-89.1551,31.5912,-89.0143,250
1257,2022,2022-04-13,MS,1,0,0,33.39,-88.672,33.4125,-88.5668,450
1258,2022,2022-04-13,MS,1,0,0,33.288,-88.4334,33.3141,-88.4191,75
1259,2022,2022-09-27,FL,U,0,0,25.75,-80.99,25.75,-80.99,50
1260,2022,2022-09-27,FL,1,0,0,26.6449,-80.2878,26.7376,-80.3503,150
1261,2022,2022-03-21,OK,0,0,0,33.94,-97.479,34.024,-97.423,50
1262,2022,2022-04-05,MS,2,0,0,31.6955,-89.8325,31.67,-89.757,400
1263,2022,2022-04-13,MS,U,0,0,32.6287,-90.6213,32.6345,-90.5956,50
1264,2022,2022-09-28,FL,0,0,0,26.827,-81.0781,26.8376,-81.0912,75
1265,2022,2022-09-27,FL,1,0,0,26.7338,-80.3355,26.7487,-80.3499,100
1266,2022,2022-09-27,FL,0,0,0,25.8075,-80.3511,25.8075,-80.3511,50
1267,2022,2022-09-28,FL,0,0,0,26.1123,-80.3297,26.1131,-80.3297,50
1268,2022,2022-09-27,FL,U,0,0,25.8,-80.72,25.87,-80.75,100
1269,2022,2022-09-27,FL,U,0,0,26.26,-80.61,26.3,-80.62,100
1270,2022,2022-04-13,MS,1,0,0,33.272,-88.8131,33.2864,-88.781,450
1271,2022,2022-04-13,MS,1,0,0,32.5159,-90.7829,32.5286,-90.7676,200
1272,2022,2022-04-30,IL,0,0,0,42.3516,-88.8716,42.3555,-88.8642,60
1273,2022,2022-03-31,PA,1,1,0,41.16,-76.73,41.24,-76.59,500
1274,2022,2022-04-05,MS,1,0,0,31.67,-89.755,31.6683,-89.5853,400
1275,2022,2022-04-13,MS,1,0,0,33.261,-88.8132,33.2868,-88.73,150
1276,2022,2022-04-13,MS,1,0,0,32.2239,-90.181,32.2419,-90.101,250
1277,2022,2022-04-13,MS,1,0,0,33.2246,-88.4875,33.288,-88.4334,1000
1278,2022,2022-04-05,MS,1,0,0,31.9392,-88.8424,31.9241,-88.797,250
1279,2022,2022-04-13,MS,1,0,0,31.6392,-89.3953,31.6623,-89.1556,500
1280,2022,2022-09-27,FL,0,0,0,26.0047,-80.192,26.0977,-80.2523,75
1281,2022,2022-03-21,OK,2,0,0,33.8695,-96.7966,33.9,-96.766,200
1282,2022,2022-03-21,OK,1,0,0,33.97,-96.714,34.088,-96.609,200
1283,2022,2022-03-21,OK,0,0,0,33.963,-96.664,33.994,-96.638,20
1284,2022,2022-04-05,MS,1,0,0,32.3229,-89.2222,32.3295,-89.154,100
1285,2022,2022-04-05,MS,1,0,0,31.6975,-89.6465,31.677,-89.401,440
1286,2022,2022-04-13,MS,0,0,0,33.2868,-88.73,33.2954,-88.6973,75
1287,2022,2022-12-14,MS,0,0,0,32.55,-89.89,32.5577,-89.8898,200
1288,2022,2022-04-30,IL,U,0,0,42.4745,-88.7432,42.4758,-88.7416,30
1289,2022,2022-03-21,OK,1,0,0,34.142,-96.587,34.232,-96.526,200
1290,2022,2022-04-05,MS,0,0,0,31.675,-89.399,31.6662,-89.3663,50
1291,2022,2022-04-13,MS,0,0,0,32.3152,-90.091,32.3324,-90.0481,25
1292,2022,2022-04-13,MS,1,0,0,32.3287,-89.2543,32.3274,-89.2102,250
1293,2022,2022-09-28,FL,0,0,0,26.5282,-80.068,26.5282,-80.068,50
1294,2022,2022-09-27,FL,0,0,0,25.7711,-80.3354,25.7711,-80.3354,50
1295,2022,2022-04-17,MS,1,0,0,31.7763,-89.1332,31.7767,-89.0845,150
1296,2022,2022-04-05,MS,1,0,0,32.2334,-89.6569,32.2485,-89.5287,100
1297,2022,2022-04-05,MS,1,0,0,32.2587,-89.4501,32.28,-89.3752,300
1298,2022,2022-12-14,MS,1,0,0,31.5,-91.27,31.53,-91.2,300
1299,2022,2022-12-14,MS,1,0,0,31.6194,-91.0314,31.6712,-90.9884,300
1300,2022,2022-12-14,MS,1,0,0,31.5366,-89.0408,31.5904,-89.0134,50
1301,2022,2022-12-13,MS,0,0,0,32.6,-91.0,32.66,-90.929,200
1302,2022,2022-12-13,MS,2,0,0,32.66,-90.929,32.7,-90.87,400
1303,2022,2022-12-13,LA,1,0,0,32.18,-91.54,32.2,-91.52,300
1304,2022,2022-12-13,LA,1,0,0,32.2,-91.52,32.3,-91.41,300
1305,2022,2022-12-13,TX,2,2,0,33.1195,-97.6563,33.2154,-97.5338,370
1306,2022,2022-12-13,TX,0,0,0,33.7232,-97.0697,33.7265,-97.0631,150
1307,2022,2022-12-13,TX,0,0,0,32.7693,-97.4337,32.7778,-97.4245,25
1308,2022,2022-12-13,TX,1,0,0,32.7945,-97.4096,32.797,-97.4085,40
1309,2022,2022-12-13,TX,0,0,0,32.8294,-97.3387,32.8316,-97.3334,25
1310,2022,2022-12-13,MS,2,3,0,32.97,-90.84,32.98,-90.82,250
1311,2022,2022-12-14,AL,2,0,0,31.7296,-88.1707,31.7489,-88.1505,120
1312,2022,2022-12-13,TX,1,0,0,32.8863,-97.2055,32.9041,-97.1819,40
1313,2022,2022-12-13,TX,1,5,0,32.9282,-97.1016,32.9587,-97.0628,150
1314,2022,2022-12-14,AL,0,0,0,31.68,-88.214,31.698,-88.202,140
1315,2022,2022-12-14,AL,2,0,0,31.698,-88.202,31.7201,-88.182,140
1316,2022,2022-12-29,TX,1,0,0,30.584,-94.2611,30.59,-94.26,75
1317,2022,2022-12-13,TX,1,0,0,32.965,-97.044,32.9747,-97.0381,100
1318,2022,2022-12-13,TX,2,2,0,33.2981,-96.4287,33.349,-96.32,225
1319,2022,2022-12-14,FL,1,0,0,30.053,-84.548,30.114,-84.484,75
1320,2022,2022-12-13,TX,2,0,0,33.349,-96.32,33.4412,-96.1858,225
1321,2022,2022-12-13,TX,1,0,0,33.3566,-96.1333,33.376,-96.117,50
1322,2022,2022-12-14,MS,0,0,0,32.0834,-90.3164,32.0927,-90.3082,70
1323,2022,2022-12-13,TX,2,0,0,33.6144,-95.8268,33.6895,-95.6763,200
1324,2022,2022-12-13,TX,1,0,0,33.376,-96.117,33.4217,-96.0528,50
1325,2022,2022-12-12,OK,0,0,0,36.6843,-100.524,36.6885,-100.5133,50
1326,2022,2022-12-14,FL,0,0,0,30.678,-86.029,30.7,-86.02,25
1327,2022,2022-12-14,FL,0,0,0,30.07,-84.92,30.12,-84.905,25
1328,2022,2022-12-13,TX,2,0,0,32.2965,-98.6678,32.3764,-98.503,355
1329,2022,2022-12-13,TX,1,0,0,32.5735,-98.138,32.6076,-98.0891,230
1330,2022,2022-12-14,FL,0,0,0,29.9233,-84.7343,29.9281,-84.7338,210
1331,2022,2022-12-14,FL,0,0,0,30.274,-84.348,30.292,-84.334,25
1332,2022,2022-12-13,TX,0,0,0,32.7259,-97.8788,32.7289,-97.8672,50
1333,2022,2022-12-13,TX,1,0,0,32.3331,-98.0242,32.3359,-98.0134,44
1334,2022,2022-12-13,TX,0,0,0,32.8785,-98.0565,32.8848,-98.0397,50
1335,2022,2022-12-13,TX,2,0,0,32.3323,-94.2154,32.366,-94.173,460
1336,2022,2022-12-13,LA,3,14,0,32.772,-92.4683,32.8477,-92.3409,500
1337,2022,2022-12-12,OK,U,0,0,36.6188,-100.6606,36.629,-100.6426,50
1338,2022,2022-12-14,AL,1,0,0,32.3698,-88.2732,32.4133,-88.2201,225
1339,2022,2022-12-13,LA,2,2,2,32.221,-94.0102,32.2569,-93.969,700
1340,2022,2022-12-14,MS,1,0,0,31.774,-89.7638,31.8021,-89.7369,250
1341,2022,2022-12-14,MS,1,0,0,31.7392,-89.8187,31.774,-89.7638,250
1342,2022,2022-12-14,MS,0,0,0,32.45,-88.915,32.4511,-88.9122,100
1343,2022,2022-12-14,MS,2,0,0,31.3966,-89.1829,31.4179,-89.1618,125
1344,2022,2022-12-14,MS,1,0,0,30.9884,-89.3195,31.0247,-89.2697,50
1345,2022,2022-12-14,MS,0,0,0,32.5514,-89.8921,32.558,-89.89,100
1346,2022,2022-12-14,MS,1,0,0,32.558,-89.89,32.6691,-89.8274,1000
1347,2022,2022-12-14,MS,2,0,0,32.1999,-89.7911,32.2198,-89.7359,250
1348,2022,2022-12-14,MS,0,0,0,32.1908,-89.2098,32.224,-89.174,100
1349,2022,2022-12-13,MS,1,0,0,33.24,-90.5,33.27,-90.46,200
1350,2022,2022-12-14,MS,0,0,0,31.3986,-89.1701,31.4014,-89.169,50
1351,2022,2022-12-14,MS,1,0,0,32.2762,-89.4567,32.3351,-89.4044,400
1352,2022,2022-12-30,MS,1,0,0,31.375,-90.5529,31.3859,-90.4055,250
1353,2022,2022-12-14,MS,1,0,0,32.3767,-89.3496,32.3838,-89.3377,200
1354,2022,2022-12-14,MS,2,0,0,32.224,-89.174,32.45,-88.915,600
1355,2022,2022-12-14,MS,0,0,0,33.12,-90.19,33.19,-90.14,100
1356,2022,2022-12-14,MS,1,0,0,31.92,-90.17,31.938,-90.1616,150
1357,2022,2022-12-14,MS,1,0,0,31.8708,-90.2328,31.92,-90.17,150
1358,2022,2022-12-14,MS,0,0,0,32.1036,-89.9048,32.1585,-89.8951,400
1359,2022,2022-12-14,MS,1,0,0,32.3137,-88.5528,32.4033,-88.4642,300
1360,2022,2022-12-14,MS,2,0,0,31.899,-88.6554,32.1305,-88.4696,1000
1361,2022,2022-09-30,NC,0,0,0,33.9128,-78.2882,33.9132,-78.3011,20
1362,2022,2022-08-28,CA,U,0,0,33.7463,-115.3909,33.7484,-115.3925,50
1363,2022,2022-08-25,AZ,0,0,0,32.12,-110.88,32.12,-110.88,10
1364,2022,2022-06-23,AZ,U,0,0,32.9011,-112.0261,32.9076,-112.0193,15
1365,2022,2022-12-14,LA,2,2,0,29.8773,-90.1239,29.9275,-90.0403,200
1366,2022,2022-12-14,LA,2,4,0,29.9275,-90.0403,29.946,-90.0121,200
1367,2022,2022-12-14,MS,1,0,0,30.3908,-88.9702,30.4163,-88.9451,100
1368,2022,2022-12-14,LA,0,0,0,30.45,-89.97,30.53,-89.88,50
1369,2022,2022-12-14,LA,2,4,0,29.946,-90.0121,29.9668,-89.9804,200
1370,2022,2022-12-14,LA,0,0,0,29.5651,-90.7226,29.5823,-90.7041,50
1371,2022,2022-11-30,MS,1,0,0,31.1,-90.65,31.112,-90.548,250
1372,2022,2022-12-14,MS,0,0,0,30.725,-89.3626,30.738,-89.3502,50
1373,2022,2022-12-14,LA,1,0,0,30.5782,-90.3747,30.6225,-90.3251,50
1374,2022,2022-08-25,TX,U,0,0,28.03,-97.69,28.03,-97.69,20
1375,2022,2022-11-30,MS,1,0,0,31.112,-90.548,31.117,-90.4469,250
1376,2022,2022-12-14,LA,U,0,0,29.55,-89.73,29.57,-89.71,50
1377,2022,2022-12-14,LA,U,0,0,29.9017,-89.5915,29.9403,-89.5428,50
1378,2022,2022-12-14,LA,2,8,1,29.9916,-90.4992,30.0342,-90.4375,75
